date,month,line,shift,product,units_produced,defective_units,downtime_hours,energy_kwh,raw_material_cost,labor_cost,total_cost,production_value,waste_cost
2024-01-28,2024-01,Linha A,Manha,Refrigerante Cola,41515,914,3.7,1081.10,22311.37,12000.00,34905.98,48721.20,768.49
2024-01-28,2024-01,Linha A,Tarde,Refrigerante Cola,41425,825,5.9,1212.18,22602.10,11500.00,34768.80,48720.00,692.44
2024-01-28,2024-01,Linha A,Noite,Refrigerante Cola,39257,1353,6.7,990.74,21067.11,14500.00,36112.01,45484.80,1244.61
2024-01-28,2024-01,Linha B,Manha,Cha Gelado,34102,1023,5.1,737.64,21131.85,12000.00,33537.55,47964.55,1006.07
2024-01-28,2024-01,Linha B,Tarde,Cha Gelado,35887,1397,7.2,1027.49,21720.49,11500.00,33785.61,50010.50,1315.20
2024-01-28,2024-01,Linha B,Noite,Cha Gelado,29703,1351,7.8,638.44,17914.91,14500.00,32766.05,41110.40,1490.32
2024-01-28,2024-01,Linha C,Manha,Suco Natural,27153,1563,12.7,762.09,18694.71,12000.00,31113.86,46062.00,1791.00
2024-01-28,2024-01,Linha C,Tarde,Suco Natural,27874,1607,11.3,817.44,19918.82,11500.00,31868.41,47280.60,1837.29
2024-01-28,2024-01,Linha C,Noite,Suco Natural,25580,1929,12.3,610.83,17477.99,14500.00,32313.95,42571.80,2436.81
2024-02-28,2024-02,Linha A,Manha,Refrigerante Cola,40543,715,5.6,850.15,21973.35,12000.00,34440.94,47793.60,607.39
2024-02-28,2024-02,Linha A,Tarde,Refrigerante Cola,41791,979,3.4,1041.19,22764.45,11500.00,34837.11,48974.40,816.10
2024-02-28,2024-02,Linha A,Noite,Refrigerante Cola,38998,1139,7.6,932.84,22043.55,14500.00,37056.61,45430.80,1082.30
2024-02-28,2024-02,Linha B,Manha,Cha Gelado,38504,1082,5.5,916.52,24017.96,12000.00,36522.05,54261.90,1026.31
2024-02-28,2024-02,Linha B,Tarde,Cha Gelado,35814,1359,8.9,909.29,22304.31,11500.00,34304.42,49959.75,1301.72
2024-02-28,2024-02,Linha B,Noite,Cha Gelado,30895,1594,9.6,663.21,18805.27,14500.00,33670.04,42486.45,1737.18
2024-02-28,2024-02,Linha C,Manha,Suco Natural,28804,1763,11.8,813.43,20083.30,12000.00,32530.68,48673.80,1991.10
2024-02-28,2024-02,Linha C,Tarde,Suco Natural,28777,1915,11.9,595.03,19686.76,11500.00,31514.03,48351.60,2097.14
2024-02-28,2024-02,Linha C,Noite,Suco Natural,26027,2366,12.7,587.65,17887.74,14500.00,32710.95,42589.80,2973.61
2024-03-28,2024-03,Linha A,Manha,Refrigerante Cola,43494,956,5.9,1146.14,23424.71,12000.00,36055.09,51045.60,792.49
2024-03-28,2024-03,Linha A,Tarde,Refrigerante Cola,40490,808,3.9,908.89,22883.62,11500.00,34883.51,47618.40,696.12
2024-03-28,2024-03,Linha A,Noite,Refrigerante Cola,35647,1113,6.7,973.24,19339.60,14500.00,34374.88,41440.80,1073.28
2024-03-28,2024-03,Linha B,Manha,Cha Gelado,35565,1148,8.7,966.87,22670.73,12000.00,35202.51,49904.65,1136.30
2024-03-28,2024-03,Linha B,Tarde,Cha Gelado,32240,1155,5.7,729.92,19709.01,11500.00,31610.46,45073.25,1132.45
2024-03-28,2024-03,Linha B,Noite,Cha Gelado,28258,1458,7.5,794.49,17920.13,14500.00,32857.10,38860.00,1695.30
2024-03-28,2024-03,Linha C,Manha,Suco Natural,28538,1644,12.0,717.65,20050.99,12000.00,32445.70,48409.20,1869.11
2024-03-28,2024-03,Linha C,Tarde,Suco Natural,27172,1509,9.4,782.46,18781.11,11500.00,30711.46,46193.40,1705.56
2024-03-28,2024-03,Linha C,Noite,Suco Natural,27247,2412,14.8,546.62,18607.09,14500.00,33407.74,44703.00,2957.37
2024-04-28,2024-04,Linha A,Manha,Refrigerante Cola,42480,937,4.1,1098.30,23853.56,12000.00,36457.62,49851.60,804.16
2024-04-28,2024-04,Linha A,Tarde,Refrigerante Cola,39901,791,4.0,1106.01,21781.14,11500.00,33889.44,46932.00,671.83
2024-04-28,2024-04,Linha A,Noite,Refrigerante Cola,36610,1096,8.6,758.83,19851.98,14500.00,34769.34,42616.80,1040.90
2024-04-28,2024-04,Linha B,Manha,Cha Gelado,34637,1039,7.4,846.96,22117.62,12000.00,34583.45,48717.10,1037.39
2024-04-28,2024-04,Linha B,Tarde,Cha Gelado,33303,1001,8.4,708.52,20674.11,11500.00,32563.80,46837.90,978.78
2024-04-28,2024-04,Linha B,Noite,Cha Gelado,31808,1528,10.7,839.47,19816.10,14500.00,34777.81,43906.00,1670.66
2024-04-28,2024-04,Linha C,Manha,Suco Natural,27460,1503,9.7,616.32,18915.77,12000.00,31254.75,46722.60,1710.70
2024-04-28,2024-04,Linha C,Tarde,Suco Natural,26176,1860,10.3,677.66,18787.23,11500.00,30659.95,43768.80,2178.62
2024-04-28,2024-04,Linha C,Noite,Suco Natural,24902,1839,12.1,574.39,17613.44,14500.00,32429.35,41513.40,2394.89
2024-05-28,2024-05,Linha A,Manha,Refrigerante Cola,41169,834,5.2,1021.24,23300.42,12000.00,35862.10,48402.00,726.49
2024-05-28,2024-05,Linha A,Tarde,Refrigerante Cola,43115,878,3.8,1102.16,24383.20,11500.00,36489.38,50684.40,743.07
2024-05-28,2024-05,Linha A,Noite,Refrigerante Cola,37759,1073,7.4,937.98,20489.60,14500.00,35505.49,44023.20,1008.96
2024-05-28,2024-05,Linha B,Manha,Cha Gelado,38258,1174,5.3,839.70,24118.11,12000.00,36579.94,53771.80,1122.51
2024-05-28,2024-05,Linha B,Tarde,Cha Gelado,37076,1183,7.3,1023.80,22495.79,11500.00,34558.88,52044.85,1102.69
2024-05-28,2024-05,Linha B,Noite,Cha Gelado,29292,1576,8.2,807.66,18464.89,14500.00,33409.11,40188.20,1797.51
2024-05-28,2024-05,Linha C,Manha,Suco Natural,27486,1290,10.8,664.69,18919.67,12000.00,31285.25,47152.80,1468.31
2024-05-28,2024-05,Linha C,Tarde,Suco Natural,30751,1880,10.7,758.32,21260.47,11500.00,33177.55,51967.80,2028.35
2024-05-28,2024-05,Linha C,Noite,Suco Natural,27717,2303,14.2,648.96,19746.56,14500.00,34603.49,45745.20,2875.20
2024-06-28,2024-06,Linha A,Manha,Refrigerante Cola,40389,703,4.7,904.03,21718.16,12000.00,34215.37,47623.20,595.54
2024-06-28,2024-06,Linha A,Tarde,Refrigerante Cola,40234,818,5.6,1102.84,21978.21,11500.00,34084.77,47299.20,692.98
2024-06-28,2024-06,Linha A,Noite,Refrigerante Cola,37683,1329,5.5,791.33,20615.53,14500.00,35550.77,43624.80,1253.80
2024-06-28,2024-06,Linha B,Manha,Cha Gelado,33149,1086,7.6,968.73,20195.14,12000.00,32727.94,46491.35,1072.21
2024-06-28,2024-06,Linha B,Tarde,Cha Gelado,33692,995,6.7,708.48,21010.96,11500.00,32900.63,47410.65,971.63
2024-06-28,2024-06,Linha B,Noite,Cha Gelado,33435,1678,9.7,699.31,20535.65,14500.00,35420.27,46047.65,1777.63
2024-06-28,2024-06,Linha C,Manha,Suco Natural,28622,1684,11.2,690.50,19965.75,12000.00,32345.53,48488.40,1903.08
2024-06-28,2024-06,Linha C,Tarde,Suco Natural,30838,2119,10.4,803.53,22146.93,11500.00,34088.88,51694.20,2342.38
2024-06-28,2024-06,Linha C,Noite,Suco Natural,23837,2246,15.0,619.33,17177.53,14500.00,32018.17,38863.80,3016.86
2024-07-28,2024-07,Linha A,Manha,Refrigerante Cola,40534,912,4.8,1017.08,22272.91,12000.00,34832.30,47546.40,783.71
2024-07-28,2024-07,Linha A,Tarde,Refrigerante Cola,41617,813,3.3,1126.59,23472.78,11500.00,35592.40,48964.80,695.31
2024-07-28,2024-07,Linha A,Noite,Refrigerante Cola,35109,995,8.8,855.18,19727.47,14500.00,34697.82,40936.80,983.35
2024-07-28,2024-07,Linha B,Manha,Cha Gelado,37936,1010,5.8,1122.94,23282.50,12000.00,35900.12,53542.70,955.80
2024-07-28,2024-07,Linha B,Tarde,Cha Gelado,34258,1080,6.2,798.91,21517.50,11500.00,33456.90,48108.10,1054.74
2024-07-28,2024-07,Linha B,Noite,Cha Gelado,28936,1438,10.0,830.22,17721.77,14500.00,32678.39,39872.10,1623.98
2024-07-28,2024-07,Linha C,Manha,Suco Natural,32315,1787,11.8,782.81,22205.59,12000.00,34636.13,54950.40,1915.36
2024-07-28,2024-07,Linha C,Tarde,Suco Natural,31167,2204,10.9,764.50,22307.97,11500.00,34228.44,52133.40,2420.49
2024-07-28,2024-07,Linha C,Noite,Suco Natural,26887,2164,12.0,584.46,18878.33,14500.00,33699.78,44501.40,2712.33
2024-08-28,2024-08,Linha A,Manha,Refrigerante Cola,41295,862,3.9,1175.75,22727.04,12000.00,35373.70,48519.60,738.40
2024-08-28,2024-08,Linha A,Tarde,Refrigerante Cola,39411,989,3.6,945.83,22243.78,11500.00,34263.98,46106.40,859.84
2024-08-28,2024-08,Linha A,Noite,Refrigerante Cola,38065,1269,6.7,936.22,20980.25,14500.00,35995.17,44155.20,1200.00
2024-08-28,2024-08,Linha B,Manha,Cha Gelado,34765,868,6.2,781.95,21439.33,12000.00,33869.40,49150.65,845.64
2024-08-28,2024-08,Linha B,Tarde,Cha Gelado,34255,1069,7.3,763.80,21627.82,11500.00,33547.91,48119.70,1046.93
2024-08-28,2024-08,Linha B,Noite,Cha Gelado,32420,1663,9.1,950.71,20310.70,14500.00,35333.59,44597.65,1812.45
2024-08-28,2024-08,Linha C,Manha,Suco Natural,27787,1761,12.6,568.97,18887.74,12000.00,31200.67,46846.80,1977.34
2024-08-28,2024-08,Linha C,Tarde,Suco Natural,26795,1606,9.9,622.56,18799.83,11500.00,30642.24,45340.20,1836.59
2024-08-28,2024-08,Linha C,Noite,Suco Natural,27089,2072,10.3,699.05,18549.80,14500.00,33434.28,45030.60,2557.34
2024-09-28,2024-09,Linha A,Manha,Refrigerante Cola,40083,697,3.5,876.40,22124.64,12000.00,34606.66,47263.20,601.77
2024-09-28,2024-09,Linha A,Tarde,Refrigerante Cola,40394,926,5.8,1063.89,22196.48,11500.00,34281.63,47361.60,785.88
2024-09-28,2024-09,Linha A,Noite,Refrigerante Cola,33669,1111,8.7,817.23,18764.63,14500.00,33714.11,39069.60,1112.49
2024-09-28,2024-09,Linha B,Manha,Cha Gelado,36668,1060,7.5,1091.04,23236.61,12000.00,35836.68,51631.60,1035.97
2024-09-28,2024-09,Linha B,Tarde,Cha Gelado,33312,1102,8.8,738.15,20114.13,11500.00,32020.11,46704.50,1059.26
2024-09-28,2024-09,Linha B,Noite,Cha Gelado,31080,1309,10.1,753.15,19702.40,14500.00,34616.63,43167.95,1457.95
2024-09-28,2024-09,Linha C,Manha,Suco Natural,31872,1892,9.6,903.72,22404.90,12000.00,34901.94,53964.00,2071.86
2024-09-28,2024-09,Linha C,Tarde,Suco Natural,28364,2000,11.9,650.42,20392.68,11500.00,32250.41,47455.20,2274.04
2024-09-28,2024-09,Linha C,Noite,Suco Natural,26812,2453,13.6,717.19,18673.98,14500.00,33568.43,43846.20,3071.14
2024-10-28,2024-10,Linha A,Manha,Refrigerante Cola,43800,912,4.3,1233.09,24028.19,12000.00,36706.39,51465.60,764.30
2024-10-28,2024-10,Linha A,Tarde,Refrigerante Cola,38562,829,5.2,1031.36,21612.25,11500.00,33679.50,45279.60,724.04
2024-10-28,2024-10,Linha A,Noite,Refrigerante Cola,38417,1300,5.1,781.16,21534.36,14500.00,36463.99,44540.40,1233.91
2024-10-28,2024-10,Linha B,Manha,Cha Gelado,38991,978,5.6,882.06,24818.06,12000.00,37303.19,55118.85,935.67
2024-10-28,2024-10,Linha B,Tarde,Cha Gelado,35777,1069,6.6,797.64,22079.08,11500.00,34017.78,50326.60,1016.44
2024-10-28,2024-10,Linha B,Noite,Cha Gelado,30005,1443,9.6,620.14,18092.34,14500.00,32933.41,41414.90,1583.83
2024-10-28,2024-10,Linha C,Manha,Suco Natural,29011,1697,9.6,823.22,20495.99,12000.00,32948.76,49165.20,1927.34
2024-10-28,2024-10,Linha C,Tarde,Suco Natural,26602,1780,9.9,557.79,18746.10,11500.00,30552.88,44679.60,2044.36
2024-10-28,2024-10,Linha C,Noite,Suco Natural,27983,2398,11.6,836.23,19422.85,14500.00,34382.77,46053.00,2946.43
2024-11-28,2024-11,Linha A,Manha,Refrigerante Cola,45859,790,4.7,1129.65,24629.01,12000.00,37250.32,54082.80,641.70
2024-11-28,2024-11,Linha A,Tarde,Refrigerante Cola,37532,998,6.6,986.31,20100.11,11500.00,32142.58,43840.80,854.69
2024-11-28,2024-11,Linha A,Noite,Refrigerante Cola,36280,1258,7.6,1027.28,19650.72,14500.00,34715.73,42026.40,1203.76
2024-11-28,2024-11,Linha B,Manha,Cha Gelado,37655,1206,6.8,1033.53,23824.29,12000.00,36392.73,52851.05,1165.57
2024-11-28,2024-11,Linha B,Tarde,Cha Gelado,36098,1042,5.3,741.89,22091.89,11500.00,33999.93,50831.20,981.44
2024-11-28,2024-11,Linha B,Noite,Cha Gelado,28757,1131,7.3,788.52,17946.88,14500.00,32880.56,40057.70,1293.18
2024-11-28,2024-11,Linha C,Manha,Suco Natural,29385,1488,11.4,598.46,20501.06,12000.00,32830.21,50214.60,1662.46
2024-11-28,2024-11,Linha C,Tarde,Suco Natural,26055,1431,10.7,753.57,17933.53,11500.00,29847.99,44323.20,1639.32
2024-11-28,2024-11,Linha C,Noite,Suco Natural,23192,2000,13.8,495.02,16490.44,14500.00,31262.70,38145.60,2695.99
2024-12-28,2024-12,Linha A,Manha,Refrigerante Cola,41537,810,4.3,1064.33,23222.18,12000.00,35807.56,48872.40,698.27
2024-12-28,2024-12,Linha A,Tarde,Refrigerante Cola,41257,973,5.5,918.68,23233.24,11500.00,35238.51,48340.80,831.06
2024-12-28,2024-12,Linha A,Noite,Refrigerante Cola,39086,1109,6.7,1120.98,21754.16,14500.00,36870.70,45572.40,1046.14
2024-12-28,2024-12,Linha B,Manha,Cha Gelado,36369,1055,6.4,736.04,22689.67,12000.00,35094.49,51205.30,1018.03
2024-12-28,2024-12,Linha B,Tarde,Cha Gelado,33305,1273,7.0,895.91,20446.52,11500.00,32439.27,46446.40,1239.91
2024-12-28,2024-12,Linha B,Noite,Cha Gelado,31360,1279,7.5,792.15,19130.69,14500.00,34066.38,43617.45,1389.38
2024-12-28,2024-12,Linha C,Manha,Suco Natural,29383,1429,9.5,732.70,20532.37,12000.00,32935.36,50317.20,1601.76
2024-12-28,2024-12,Linha C,Tarde,Suco Natural,26061,1681,12.0,531.30,18270.09,11500.00,30062.30,43884.00,1939.09
2024-12-28,2024-12,Linha C,Noite,Suco Natural,26979,2409,11.1,659.48,18458.89,14500.00,33321.60,44226.00,2975.34
