date,month,order_id,customer,channel,region,salesperson,category,product,quantity,unit_price,discount_pct,revenue,total_cost,profit
2024-01-04,2024-01,PED-1000,Market Central 11,Physical Store,Southeast,Ana Souza,Electronics,Speaker,3,349.00,7.8,965.25,804.00,161.25
2024-01-03,2024-01,PED-1001,Distributor Central 16,Online,North,Diego Rocha,Apparel,Running Shoes,6,399.00,12.3,2099.35,1050.00,1049.35
2024-01-17,2024-01,PED-1002,Distributor Saint Joseph 6,Physical Store,South,Diego Rocha,Food,Organic Basket,4,129.00,3.8,496.50,312.00,184.50
2024-01-23,2024-01,PED-1003,Market Saint Joseph 1,Phone Sales,Southeast,Bruno Lima,Apparel,Running Shoes,1,399.00,5.0,378.86,175.00,203.86
2024-01-19,2024-01,PED-1004,Clinic Valley 27,Physical Store,Southeast,Diego Rocha,Beauty,Skincare Kit,4,189.00,7.6,698.55,248.00,450.55
2024-01-12,2024-01,PED-1005,Market Saint Joseph 1,Physical Store,Southeast,Carla Mendes,Furniture,Bookshelf,1,649.00,7.1,602.94,410.00,192.94
2024-01-13,2024-01,PED-1006,Restaurant Saint Joseph 4,Physical Store,Central-West,Carla Mendes,Apparel,Basic T-Shirt,3,79.00,1.0,234.57,84.00,150.57
2024-01-23,2024-01,PED-1007,Bakery Saint Joseph 3,Physical Store,Northeast,Fabio Nunes,Electronics,Speaker,1,349.00,7.0,324.68,268.00,56.68
2024-01-20,2024-01,PED-1008,Market Saint Joseph 1,Physical Store,Northeast,Elisa Prado,Beauty,Imported Perfume,6,429.00,4.1,2467.26,1050.00,1417.26
2024-01-04,2024-01,PED-1009,Distributor Valley 26,Phone Sales,Southeast,Ana Souza,Food,Specialty Coffee Kit,14,59.00,10.0,743.58,448.00,295.58
2024-01-05,2024-01,PED-1010,Restaurant Saint Joseph 4,Physical Store,Southeast,Bruno Lima,Electronics,Speaker,4,349.00,0.8,1384.36,1072.00,312.36
2024-01-21,2024-01,PED-1011,Store Central 15,Physical Store,South,Diego Rocha,Beauty,Imported Perfume,1,429.00,0.2,428.14,175.00,253.14
2024-01-20,2024-01,PED-1012,Restaurant Saint Joseph 4,Phone Sales,Southeast,Ana Souza,Electronics,Smartwatch,1,599.00,4.4,572.64,468.00,104.64
2024-01-11,2024-01,PED-1013,Market Saint Joseph 1,Physical Store,Northeast,Fabio Nunes,Furniture,Bookshelf,2,649.00,19.4,1045.92,820.00,225.92
2024-01-16,2024-01,PED-1014,Market Central 11,Physical Store,Southeast,Diego Rocha,Apparel,Running Shoes,7,399.00,2.5,2724.09,1225.00,1499.09
2024-01-12,2024-01,PED-1015,Pharmacy Saint Joseph 2,Physical Store,South,Elisa Prado,Apparel,Running Shoes,8,399.00,17.3,2640.86,1400.00,1240.86
2024-01-05,2024-01,PED-1016,Auto Parts Saint Joseph 8,Physical Store,South,Elisa Prado,Food,Organic Basket,10,129.00,6.5,1206.77,780.00,426.77
2024-01-12,2024-01,PED-1017,Bakery Valley 23,Physical Store,Central-West,Elisa Prado,Electronics,Smartwatch,1,599.00,2.1,586.50,468.00,118.50
2024-01-19,2024-01,PED-1018,Pharmacy Saint Joseph 2,Physical Store,Southeast,Ana Souza,Food,Specialty Coffee Kit,14,59.00,0.5,821.84,448.00,373.84
2024-01-19,2024-01,PED-1019,Supermarket Saint Joseph 9,Phone Sales,North,Fabio Nunes,Furniture,Bookshelf,1,649.00,3.1,629.16,410.00,219.16
2024-01-17,2024-01,PED-1020,Store Central 15,Physical Store,Southeast,Fabio Nunes,Beauty,Skincare Kit,6,189.00,7.7,1046.71,372.00,674.71
2024-01-18,2024-01,PED-1021,Supermarket Saint Joseph 9,Physical Store,Northeast,Bruno Lima,Apparel,Basic T-Shirt,3,79.00,7.0,220.42,84.00,136.42
2024-01-13,2024-01,PED-1022,Supermarket Valley 29,Online,Southeast,Fabio Nunes,Furniture,Office Chair,3,899.00,18.0,2212.86,1680.00,532.86
2024-01-04,2024-01,PED-1023,Pharmacy Saint Joseph 2,Physical Store,North,Carla Mendes,Electronics,Turbo Charger,2,89.00,0.9,176.45,104.00,72.45
2024-01-21,2024-01,PED-1024,Store Central 15,Physical Store,Southeast,Elisa Prado,Beauty,Skincare Kit,4,189.00,3.0,733.14,248.00,485.14
2024-01-26,2024-01,PED-1025,Clinic Saint Joseph 7,Marketplace,South,Carla Mendes,Electronics,Bluetooth Headphones,2,199.00,15.4,336.76,310.00,26.76
2024-01-22,2024-01,PED-1026,Store Central 15,Phone Sales,South,Fabio Nunes,Electronics,Speaker,1,349.00,1.8,342.56,268.00,74.56
2024-02-16,2024-02,PED-1027,Bakery Central 13,Physical Store,Northeast,Bruno Lima,Furniture,Office Desk,3,1290.00,2.4,3777.92,2460.00,1317.92
2024-02-19,2024-02,PED-1028,Restaurant Saint Joseph 4,Phone Sales,Northeast,Bruno Lima,Food,Organic Basket,11,129.00,23.5,1086.02,858.00,228.02
2024-02-11,2024-02,PED-1029,Bakery Saint Joseph 3,Online,Southeast,Diego Rocha,Furniture,Office Desk,3,1290.00,8.4,3545.79,2460.00,1085.79
2024-02-27,2024-02,PED-1030,Supermarket Saint Joseph 9,Phone Sales,North,Bruno Lima,Electronics,Turbo Charger,3,89.00,3.5,257.59,156.00,101.59
2024-02-23,2024-02,PED-1031,Distributor Saint Joseph 6,Physical Store,Central-West,Fabio Nunes,Food,Specialty Coffee Kit,9,59.00,7.1,493.11,288.00,205.11
2024-02-17,2024-02,PED-1032,Restaurant Saint Joseph 4,Online,South,Fabio Nunes,Furniture,Office Desk,3,1290.00,9.3,3509.72,2460.00,1049.72
2024-02-22,2024-02,PED-1033,Bakery Saint Joseph 3,Online,Northeast,Fabio Nunes,Food,Specialty Coffee Kit,10,59.00,7.9,543.28,320.00,223.28
2024-02-12,2024-02,PED-1034,Market Saint Joseph 1,Physical Store,Southeast,Diego Rocha,Beauty,Skincare Kit,1,189.00,1.7,185.76,62.00,123.76
2024-02-28,2024-02,PED-1035,Restaurant Saint Joseph 4,Physical Store,Southeast,Diego Rocha,Food,Specialty Coffee Kit,15,59.00,2.5,862.63,480.00,382.63
2024-02-24,2024-02,PED-1036,Auto Parts Central 18,Physical Store,South,Carla Mendes,Food,Organic Basket,11,129.00,2.4,1385.37,858.00,527.37
2024-02-01,2024-02,PED-1037,Boutique Central 20,Physical Store,Southeast,Elisa Prado,Food,Specialty Coffee Kit,20,59.00,7.7,1089.43,640.00,449.43
2024-02-14,2024-02,PED-1038,Restaurant Valley 24,Physical Store,Southeast,Fabio Nunes,Beauty,Skincare Kit,3,189.00,15.7,477.79,186.00,291.79
2024-02-23,2024-02,PED-1039,Market Saint Joseph 1,Physical Store,Central-West,Carla Mendes,Food,Organic Basket,16,129.00,19.5,1660.72,1248.00,412.72
2024-02-18,2024-02,PED-1040,Market Saint Joseph 1,Physical Store,Southeast,Diego Rocha,Food,Specialty Coffee Kit,18,59.00,0.3,1058.51,576.00,482.51
2024-02-20,2024-02,PED-1041,Restaurant Saint Joseph 4,Online,Southeast,Bruno Lima,Beauty,Skincare Kit,2,189.00,10.1,339.69,124.00,215.69
2024-02-11,2024-02,PED-1042,Pharmacy Saint Joseph 2,Physical Store,Northeast,Bruno Lima,Beauty,Imported Perfume,5,429.00,5.4,2028.49,875.00,1153.49
2024-02-14,2024-02,PED-1043,Supermarket Central 19,Phone Sales,North,Carla Mendes,Electronics,Bluetooth Headphones,1,199.00,21.9,155.41,155.00,0.41
2024-02-08,2024-02,PED-1044,Pharmacy Central 12,Physical Store,South,Ana Souza,Food,Specialty Coffee Kit,12,59.00,6.9,659.36,384.00,275.36
2024-02-13,2024-02,PED-1045,Restaurant Valley 24,Physical Store,Central-West,Bruno Lima,Electronics,Smartwatch,3,599.00,8.0,1653.58,1404.00,249.58
2024-02-10,2024-02,PED-1046,Auto Parts Valley 28,Physical Store,South,Fabio Nunes,Furniture,Office Chair,1,899.00,4.9,855.20,560.00,295.20
2024-02-07,2024-02,PED-1047,Market Saint Joseph 1,Phone Sales,South,Bruno Lima,Electronics,Turbo Charger,1,89.00,22.6,68.88,52.00,16.88
2024-02-01,2024-02,PED-1048,Supermarket Valley 29,Marketplace,Northeast,Elisa Prado,Apparel,Denim Jacket,4,269.00,9.2,976.88,440.00,536.88
2024-02-26,2024-02,PED-1049,Bakery Valley 23,Online,South,Carla Mendes,Food,Specialty Coffee Kit,18,59.00,5.4,1004.59,576.00,428.59
2024-02-04,2024-02,PED-1050,Distributor Saint Joseph 6,Physical Store,South,Carla Mendes,Beauty,Imported Perfume,3,429.00,0.8,1276.59,525.00,751.59
2024-02-19,2024-02,PED-1051,Pharmacy Saint Joseph 2,Physical Store,Southeast,Fabio Nunes,Beauty,Skincare Kit,3,189.00,6.5,530.40,186.00,344.40
2024-02-25,2024-02,PED-1052,Pharmacy Central 12,Physical Store,North,Ana Souza,Food,Specialty Coffee Kit,13,59.00,5.1,728.05,416.00,312.05
2024-02-08,2024-02,PED-1053,Restaurant Saint Joseph 4,Phone Sales,South,Elisa Prado,Apparel,Denim Jacket,4,269.00,2.0,1054.93,440.00,614.93
2024-02-20,2024-02,PED-1054,Restaurant Saint Joseph 4,Physical Store,South,Ana Souza,Food,Organic Basket,5,129.00,2.7,627.53,390.00,237.53
2024-03-14,2024-03,PED-1055,Bakery Saint Joseph 3,Physical Store,Central-West,Bruno Lima,Beauty,Skincare Kit,4,189.00,4.9,719.30,248.00,471.30
2024-03-27,2024-03,PED-1056,Restaurant Central 14,Marketplace,Central-West,Bruno Lima,Food,Organic Basket,10,129.00,12.8,1124.43,780.00,344.43
2024-03-14,2024-03,PED-1057,Bakery Saint Joseph 3,Physical Store,Southeast,Carla Mendes,Electronics,Smartwatch,3,599.00,1.3,1773.46,1404.00,369.46
2024-03-27,2024-03,PED-1058,Pharmacy Saint Joseph 2,Online,North,Ana Souza,Electronics,Turbo Charger,3,89.00,15.3,226.04,156.00,70.04
2024-03-21,2024-03,PED-1059,Market Valley 21,Physical Store,North,Fabio Nunes,Apparel,Running Shoes,4,399.00,7.6,1474.53,700.00,774.53
2024-03-24,2024-03,PED-1060,Bakery Valley 23,Physical Store,Southeast,Carla Mendes,Apparel,Basic T-Shirt,6,79.00,4.5,452.63,168.00,284.63
2024-03-07,2024-03,PED-1061,Bakery Saint Joseph 3,Marketplace,Southeast,Bruno Lima,Electronics,Bluetooth Headphones,4,199.00,27.5,576.77,620.00,-43.23
2024-03-17,2024-03,PED-1062,Pharmacy Saint Joseph 2,Marketplace,South,Diego Rocha,Food,Organic Basket,9,129.00,14.8,989.22,702.00,287.22
2024-03-25,2024-03,PED-1063,Bakery Saint Joseph 3,Physical Store,Southeast,Diego Rocha,Food,Specialty Coffee Kit,12,59.00,6.6,661.11,384.00,277.11
2024-03-19,2024-03,PED-1064,Market Saint Joseph 1,Physical Store,South,Elisa Prado,Electronics,Smartwatch,1,599.00,4.5,572.28,468.00,104.28
2024-03-15,2024-03,PED-1065,Market Saint Joseph 1,Physical Store,Southeast,Bruno Lima,Electronics,Smartwatch,2,599.00,6.1,1125.51,936.00,189.51
2024-03-03,2024-03,PED-1066,Boutique Valley 30,Phone Sales,Northeast,Fabio Nunes,Electronics,Turbo Charger,1,89.00,0.2,88.85,52.00,36.85
2024-03-13,2024-03,PED-1067,Store Saint Joseph 5,Online,Southeast,Fabio Nunes,Apparel,Basic T-Shirt,6,79.00,17.8,389.82,168.00,221.82
2024-03-13,2024-03,PED-1068,Supermarket Central 19,Physical Store,Southeast,Fabio Nunes,Furniture,Office Chair,1,899.00,7.5,831.14,560.00,271.14
2024-03-23,2024-03,PED-1069,Pharmacy Saint Joseph 2,Physical Store,Southeast,Fabio Nunes,Beauty,Imported Perfume,3,429.00,3.7,1239.04,525.00,714.04
2024-03-16,2024-03,PED-1070,Store Saint Joseph 5,Physical Store,Southeast,Elisa Prado,Apparel,Running Shoes,3,399.00,2.6,1166.31,525.00,641.31
2024-03-24,2024-03,PED-1071,Market Central 11,Physical Store,Northeast,Elisa Prado,Food,Organic Basket,10,129.00,7.7,1190.10,780.00,410.10
2024-03-26,2024-03,PED-1072,Bakery Saint Joseph 3,Physical Store,Central-West,Elisa Prado,Electronics,Speaker,2,349.00,6.9,649.57,536.00,113.57
2024-03-13,2024-03,PED-1073,Market Valley 21,Physical Store,Northeast,Carla Mendes,Apparel,Running Shoes,3,399.00,7.5,1106.68,525.00,581.68
2024-03-21,2024-03,PED-1074,Auto Parts Valley 28,Phone Sales,North,Carla Mendes,Apparel,Running Shoes,3,399.00,5.4,1132.05,525.00,607.05
2024-03-05,2024-03,PED-1075,Distributor Saint Joseph 6,Online,Northeast,Fabio Nunes,Food,Organic Basket,9,129.00,22.4,900.63,702.00,198.63
2024-03-08,2024-03,PED-1076,Pharmacy Central 12,Phone Sales,Northeast,Bruno Lima,Electronics,Bluetooth Headphones,2,199.00,8.8,362.88,310.00,52.88
2024-03-23,2024-03,PED-1077,Pharmacy Saint Joseph 2,Online,Central-West,Fabio Nunes,Electronics,Bluetooth Headphones,4,199.00,13.8,686.47,620.00,66.47
2024-03-17,2024-03,PED-1078,Market Saint Joseph 1,Online,Central-West,Ana Souza,Furniture,Bookshelf,1,649.00,13.0,564.38,410.00,154.38
2024-03-28,2024-03,PED-1079,Pharmacy Saint Joseph 2,Physical Store,Northeast,Carla Mendes,Electronics,Bluetooth Headphones,4,199.00,12.5,696.29,620.00,76.29
2024-03-12,2024-03,PED-1080,Bakery Valley 23,Physical Store,Central-West,Fabio Nunes,Furniture,Bookshelf,1,649.00,3.4,626.69,410.00,216.69
2024-03-11,2024-03,PED-1081,Clinic Saint Joseph 7,Physical Store,South,Diego Rocha,Beauty,Imported Perfume,6,429.00,3.0,2495.67,1050.00,1445.67
2024-03-22,2024-03,PED-1082,Store Saint Joseph 5,Online,Southeast,Ana Souza,Beauty,Skincare Kit,5,189.00,15.9,794.66,310.00,484.66
2024-03-24,2024-03,PED-1083,Supermarket Saint Joseph 9,Online,Northeast,Bruno Lima,Electronics,Smartwatch,1,599.00,15.7,505.14,468.00,37.14
2024-03-21,2024-03,PED-1084,Clinic Central 17,Physical Store,South,Diego Rocha,Beauty,Imported Perfume,6,429.00,4.8,2451.23,1050.00,1401.23
2024-04-17,2024-04,PED-1085,Market Saint Joseph 1,Marketplace,Central-West,Diego Rocha,Food,Organic Basket,13,129.00,9.4,1518.79,1014.00,504.79
2024-04-19,2024-04,PED-1086,Pharmacy Saint Joseph 2,Physical Store,Central-West,Fabio Nunes,Beauty,Imported Perfume,6,429.00,6.1,2418.09,1050.00,1368.09
2024-04-16,2024-04,PED-1087,Pharmacy Saint Joseph 2,Physical Store,Northeast,Diego Rocha,Electronics,Bluetooth Headphones,2,199.00,1.2,393.31,310.00,83.31
2024-04-26,2024-04,PED-1088,Bakery Central 13,Physical Store,Southeast,Bruno Lima,Food,Specialty Coffee Kit,7,59.00,1.9,405.36,224.00,181.36
2024-04-03,2024-04,PED-1089,Market Saint Joseph 1,Physical Store,Southeast,Carla Mendes,Electronics,Turbo Charger,1,89.00,2.9,86.39,52.00,34.39
2024-04-10,2024-04,PED-1090,Market Saint Joseph 1,Physical Store,Southeast,Ana Souza,Apparel,Denim Jacket,1,269.00,6.5,251.61,110.00,141.61
2024-04-19,2024-04,PED-1091,Market Saint Joseph 1,Physical Store,Southeast,Diego Rocha,Furniture,Office Desk,2,1290.00,0.7,2561.20,1640.00,921.20
2024-04-17,2024-04,PED-1092,Bakery Valley 23,Marketplace,South,Diego Rocha,Apparel,Basic T-Shirt,1,79.00,15.8,66.52,28.00,38.52
2024-04-28,2024-04,PED-1093,Boutique Valley 30,Physical Store,Southeast,Bruno Lima,Electronics,Turbo Charger,3,89.00,15.2,226.37,156.00,70.37
2024-04-23,2024-04,PED-1094,Store Central 15,Online,Southeast,Ana Souza,Apparel,Running Shoes,1,399.00,13.8,344.06,175.00,169.06
2024-04-02,2024-04,PED-1095,Distributor Central 16,Physical Store,Southeast,Diego Rocha,Apparel,Basic T-Shirt,2,79.00,5.6,149.10,56.00,93.10
2024-04-09,2024-04,PED-1096,Pharmacy Saint Joseph 2,Online,Southeast,Carla Mendes,Food,Specialty Coffee Kit,13,59.00,10.1,689.41,416.00,273.41
2024-04-18,2024-04,PED-1097,Market Saint Joseph 1,Marketplace,Southeast,Fabio Nunes,Apparel,Denim Jacket,8,269.00,18.7,1749.34,880.00,869.34
2024-04-22,2024-04,PED-1098,Restaurant Saint Joseph 4,Online,Central-West,Diego Rocha,Furniture,Office Desk,3,1290.00,5.1,3673.37,2460.00,1213.37
2024-04-01,2024-04,PED-1099,Market Saint Joseph 1,Physical Store,North,Carla Mendes,Food,Organic Basket,15,129.00,2.4,1889.13,1170.00,719.13
2024-04-19,2024-04,PED-1100,Clinic Central 17,Online,Central-West,Fabio Nunes,Food,Organic Basket,15,129.00,15.7,1631.59,1170.00,461.59
2024-04-02,2024-04,PED-1101,Bakery Saint Joseph 3,Phone Sales,Southeast,Elisa Prado,Electronics,Speaker,4,349.00,7.6,1290.24,1072.00,218.24
2024-04-12,2024-04,PED-1102,Store Central 15,Physical Store,Southeast,Carla Mendes,Apparel,Basic T-Shirt,1,79.00,1.8,77.58,28.00,49.58
2024-04-21,2024-04,PED-1103,Auto Parts Saint Joseph 8,Online,Southeast,Ana Souza,Apparel,Denim Jacket,6,269.00,14.5,1379.66,660.00,719.66
2024-04-07,2024-04,PED-1104,Market Saint Joseph 1,Online,Central-West,Diego Rocha,Electronics,Turbo Charger,4,89.00,17.3,294.28,208.00,86.28
2024-04-25,2024-04,PED-1105,Market Saint Joseph 1,Phone Sales,Northeast,Carla Mendes,Beauty,Imported Perfume,1,429.00,2.1,420.13,175.00,245.13
2024-04-10,2024-04,PED-1106,Bakery Valley 23,Marketplace,South,Bruno Lima,Electronics,Turbo Charger,4,89.00,21.4,279.87,208.00,71.87
2024-04-13,2024-04,PED-1107,Clinic Saint Joseph 7,Phone Sales,Central-West,Fabio Nunes,Food,Specialty Coffee Kit,14,59.00,8.5,755.62,448.00,307.62
2024-04-11,2024-04,PED-1108,Store Saint Joseph 5,Physical Store,North,Diego Rocha,Food,Organic Basket,15,129.00,7.8,1783.73,1170.00,613.73
2024-04-17,2024-04,PED-1109,Distributor Valley 26,Physical Store,Southeast,Elisa Prado,Electronics,Smartwatch,2,599.00,3.5,1156.51,936.00,220.51
2024-04-17,2024-04,PED-1110,Store Saint Joseph 5,Phone Sales,Southeast,Fabio Nunes,Electronics,Bluetooth Headphones,4,199.00,4.4,760.65,620.00,140.65
2024-04-04,2024-04,PED-1111,Store Saint Joseph 5,Physical Store,Southeast,Ana Souza,Food,Organic Basket,13,129.00,5.4,1587.06,1014.00,573.06
2024-04-21,2024-04,PED-1112,Market Saint Joseph 1,Online,Southeast,Fabio Nunes,Food,Organic Basket,19,129.00,11.7,2163.90,1482.00,681.90
2024-04-24,2024-04,PED-1113,Restaurant Central 14,Online,Southeast,Carla Mendes,Electronics,Turbo Charger,4,89.00,16.3,298.06,208.00,90.06
2024-04-08,2024-04,PED-1114,Restaurant Central 14,Online,Southeast,Bruno Lima,Beauty,Imported Perfume,6,429.00,16.3,2153.67,1050.00,1103.67
2024-04-07,2024-04,PED-1115,Market Saint Joseph 1,Phone Sales,North,Bruno Lima,Beauty,Imported Perfume,6,429.00,2.0,2521.87,1050.00,1471.87
2024-05-16,2024-05,PED-1116,Distributor Saint Joseph 6,Phone Sales,North,Ana Souza,Electronics,Turbo Charger,4,89.00,5.5,336.43,208.00,128.43
2024-05-10,2024-05,PED-1117,Bakery Valley 23,Physical Store,Central-West,Carla Mendes,Apparel,Running Shoes,4,399.00,3.0,1547.61,700.00,847.61
2024-05-19,2024-05,PED-1118,Supermarket Saint Joseph 9,Physical Store,North,Diego Rocha,Furniture,Office Chair,3,899.00,7.1,2506.33,1680.00,826.33
2024-05-09,2024-05,PED-1119,Clinic Saint Joseph 7,Online,South,Fabio Nunes,Food,Specialty Coffee Kit,3,59.00,6.8,164.92,96.00,68.92
2024-05-28,2024-05,PED-1120,Supermarket Valley 29,Physical Store,Southeast,Elisa Prado,Beauty,Skincare Kit,5,189.00,2.9,917.13,310.00,607.13
2024-05-09,2024-05,PED-1121,Clinic Saint Joseph 7,Physical Store,South,Fabio Nunes,Furniture,Office Chair,2,899.00,2.8,1748.35,1120.00,628.35
2024-05-03,2024-05,PED-1122,Market Central 11,Phone Sales,Northeast,Fabio Nunes,Beauty,Imported Perfume,1,429.00,6.0,403.13,175.00,228.13
2024-05-16,2024-05,PED-1123,Pharmacy Saint Joseph 2,Physical Store,Southeast,Elisa Prado,Food,Specialty Coffee Kit,20,59.00,6.1,1108.44,640.00,468.44
2024-05-25,2024-05,PED-1124,Bakery Saint Joseph 3,Physical Store,Southeast,Ana Souza,Furniture,Bookshelf,1,649.00,3.5,626.22,410.00,216.22
2024-05-26,2024-05,PED-1125,Supermarket Saint Joseph 9,Physical Store,South,Bruno Lima,Food,Specialty Coffee Kit,3,59.00,7.7,163.32,96.00,67.32
2024-05-14,2024-05,PED-1126,Restaurant Valley 24,Online,Northeast,Fabio Nunes,Apparel,Basic T-Shirt,5,79.00,12.5,345.46,140.00,205.46
2024-05-09,2024-05,PED-1127,Boutique Saint Joseph 10,Physical Store,Southeast,Diego Rocha,Electronics,Turbo Charger,4,89.00,6.0,334.69,208.00,126.69
2024-05-13,2024-05,PED-1128,Clinic Saint Joseph 7,Physical Store,Southeast,Carla Mendes,Food,Specialty Coffee Kit,20,59.00,5.0,1120.83,640.00,480.83
2024-05-03,2024-05,PED-1129,Store Valley 25,Online,North,Carla Mendes,Food,Organic Basket,14,129.00,28.2,1296.84,1092.00,204.84
2024-05-01,2024-05,PED-1130,Pharmacy Saint Joseph 2,Physical Store,South,Ana Souza,Furniture,Office Chair,3,899.00,7.7,2488.34,1680.00,808.34
2024-05-15,2024-05,PED-1131,Boutique Saint Joseph 10,Online,Southeast,Elisa Prado,Beauty,Skincare Kit,1,189.00,9.5,170.97,62.00,108.97
2024-05-28,2024-05,PED-1132,Pharmacy Valley 22,Physical Store,South,Diego Rocha,Food,Organic Basket,14,129.00,1.0,1788.52,1092.00,696.52
2024-05-03,2024-05,PED-1133,Restaurant Saint Joseph 4,Physical Store,Southeast,Elisa Prado,Food,Specialty Coffee Kit,20,59.00,20.7,936.04,640.00,296.04
2024-05-06,2024-05,PED-1134,Pharmacy Saint Joseph 2,Physical Store,Southeast,Carla Mendes,Food,Organic Basket,19,129.00,4.9,2331.97,1482.00,849.97
2024-05-11,2024-05,PED-1135,Pharmacy Saint Joseph 2,Physical Store,North,Elisa Prado,Food,Specialty Coffee Kit,7,59.00,4.0,396.36,224.00,172.36
2024-05-14,2024-05,PED-1136,Market Valley 21,Physical Store,Central-West,Elisa Prado,Electronics,Turbo Charger,1,89.00,7.2,82.55,52.00,30.55
2024-05-08,2024-05,PED-1137,Clinic Saint Joseph 7,Physical Store,Southeast,Carla Mendes,Electronics,Turbo Charger,2,89.00,3.6,171.53,104.00,67.53
2024-05-09,2024-05,PED-1138,Store Central 15,Marketplace,Central-West,Elisa Prado,Apparel,Running Shoes,3,399.00,13.5,1035.22,525.00,510.22
2024-05-21,2024-05,PED-1139,Market Saint Joseph 1,Physical Store,South,Elisa Prado,Apparel,Basic T-Shirt,1,79.00,21.8,61.76,28.00,33.76
2024-05-24,2024-05,PED-1140,Pharmacy Saint Joseph 2,Online,Southeast,Carla Mendes,Apparel,Denim Jacket,3,269.00,5.5,762.49,330.00,432.49
2024-05-06,2024-05,PED-1141,Auto Parts Central 18,Online,Northeast,Fabio Nunes,Electronics,Smartwatch,2,599.00,16.8,996.77,936.00,60.77
2024-05-02,2024-05,PED-1142,Market Saint Joseph 1,Physical Store,Northeast,Elisa Prado,Furniture,Office Chair,3,899.00,7.0,2507.27,1680.00,827.27
2024-05-12,2024-05,PED-1143,Clinic Valley 27,Physical Store,Southeast,Fabio Nunes,Beauty,Imported Perfume,1,429.00,6.3,401.90,175.00,226.90
2024-05-27,2024-05,PED-1144,Market Saint Joseph 1,Physical Store,North,Diego Rocha,Electronics,Speaker,4,349.00,0.5,1389.60,1072.00,317.60
2024-05-19,2024-05,PED-1145,Clinic Saint Joseph 7,Marketplace,South,Ana Souza,Apparel,Running Shoes,8,399.00,23.0,2458.74,1400.00,1058.74
2024-05-18,2024-05,PED-1146,Supermarket Saint Joseph 9,Marketplace,Southeast,Carla Mendes,Apparel,Basic T-Shirt,6,79.00,13.1,412.05,168.00,244.05
2024-05-16,2024-05,PED-1147,Clinic Saint Joseph 7,Physical Store,Northeast,Elisa Prado,Beauty,Skincare Kit,3,189.00,4.8,539.81,186.00,353.81
2024-06-13,2024-06,PED-1148,Auto Parts Saint Joseph 8,Physical Store,North,Ana Souza,Electronics,Bluetooth Headphones,2,199.00,7.7,367.51,310.00,57.51
2024-06-17,2024-06,PED-1149,Restaurant Saint Joseph 4,Physical Store,Southeast,Carla Mendes,Electronics,Bluetooth Headphones,4,199.00,6.6,743.52,620.00,123.52
2024-06-27,2024-06,PED-1150,Supermarket Saint Joseph 9,Phone Sales,South,Elisa Prado,Furniture,Office Desk,2,1290.00,7.8,2379.58,1640.00,739.58
2024-06-20,2024-06,PED-1151,Restaurant Saint Joseph 4,Phone Sales,Southeast,Bruno Lima,Furniture,Office Chair,2,899.00,22.3,1396.82,1120.00,276.82
2024-06-16,2024-06,PED-1152,Auto Parts Central 18,Online,Northeast,Fabio Nunes,Beauty,Imported Perfume,1,429.00,8.8,391.46,175.00,216.46
2024-06-18,2024-06,PED-1153,Store Central 15,Online,North,Bruno Lima,Furniture,Bookshelf,1,649.00,13.1,563.94,410.00,153.94
2024-06-26,2024-06,PED-1154,Restaurant Saint Joseph 4,Physical Store,South,Diego Rocha,Food,Specialty Coffee Kit,3,59.00,21.0,139.77,96.00,43.77
2024-06-18,2024-06,PED-1155,Market Saint Joseph 1,Phone Sales,South,Bruno Lima,Beauty,Skincare Kit,1,189.00,1.4,186.39,62.00,124.39
2024-06-07,2024-06,PED-1156,Bakery Saint Joseph 3,Online,North,Ana Souza,Electronics,Speaker,4,349.00,14.6,1192.34,1072.00,120.34
2024-06-12,2024-06,PED-1157,Restaurant Saint Joseph 4,Physical Store,Southeast,Diego Rocha,Electronics,Smartwatch,4,599.00,5.3,2268.34,1872.00,396.34
2024-06-03,2024-06,PED-1158,Store Valley 25,Physical Store,Northeast,Elisa Prado,Electronics,Smartwatch,3,599.00,2.5,1752.63,1404.00,348.63
2024-06-16,2024-06,PED-1159,Market Saint Joseph 1,Physical Store,South,Diego Rocha,Beauty,Imported Perfume,3,429.00,6.6,1201.42,525.00,676.42
2024-06-03,2024-06,PED-1160,Distributor Saint Joseph 6,Physical Store,Southeast,Elisa Prado,Electronics,Turbo Charger,2,89.00,4.7,169.56,104.00,65.56
2024-06-13,2024-06,PED-1161,Market Central 11,Physical Store,South,Elisa Prado,Electronics,Bluetooth Headphones,3,199.00,3.7,575.04,465.00,110.04
2024-06-16,2024-06,PED-1162,Market Saint Joseph 1,Physical Store,Southeast,Elisa Prado,Beauty,Imported Perfume,1,429.00,7.6,396.52,175.00,221.52
2024-06-07,2024-06,PED-1163,Bakery Saint Joseph 3,Online,Southeast,Carla Mendes,Beauty,Skincare Kit,3,189.00,16.4,473.77,186.00,287.77
2024-06-24,2024-06,PED-1164,Boutique Central 20,Physical Store,Central-West,Elisa Prado,Electronics,Bluetooth Headphones,3,199.00,6.8,556.38,465.00,91.38
2024-06-12,2024-06,PED-1165,Boutique Valley 30,Physical Store,Northeast,Diego Rocha,Electronics,Turbo Charger,2,89.00,0.4,177.23,104.00,73.23
2024-06-18,2024-06,PED-1166,Supermarket Saint Joseph 9,Physical Store,Central-West,Fabio Nunes,Apparel,Basic T-Shirt,2,79.00,1.7,155.35,56.00,99.35
2024-06-17,2024-06,PED-1167,Market Saint Joseph 1,Physical Store,North,Carla Mendes,Food,Organic Basket,4,129.00,0.0,515.76,312.00,203.76
2024-06-24,2024-06,PED-1168,Auto Parts Valley 28,Physical Store,South,Bruno Lima,Electronics,Turbo Charger,3,89.00,5.7,251.65,156.00,95.65
2024-06-21,2024-06,PED-1169,Supermarket Valley 29,Physical Store,Central-West,Fabio Nunes,Furniture,Bookshelf,1,649.00,1.4,639.95,410.00,229.95
2024-06-16,2024-06,PED-1170,Distributor Saint Joseph 6,Marketplace,Southeast,Carla Mendes,Furniture,Office Chair,2,899.00,12.9,1566.93,1120.00,446.93
2024-06-28,2024-06,PED-1171,Store Saint Joseph 5,Phone Sales,Southeast,Elisa Prado,Electronics,Speaker,4,349.00,4.0,1340.55,1072.00,268.55
2024-06-04,2024-06,PED-1172,Distributor Central 16,Online,South,Carla Mendes,Food,Specialty Coffee Kit,5,59.00,11.5,261.04,160.00,101.04
2024-06-10,2024-06,PED-1173,Boutique Saint Joseph 10,Phone Sales,Southeast,Carla Mendes,Food,Specialty Coffee Kit,12,59.00,2.4,690.98,384.00,306.98
2024-06-24,2024-06,PED-1174,Store Valley 25,Phone Sales,Southeast,Diego Rocha,Apparel,Running Shoes,6,399.00,5.6,2258.81,1050.00,1208.81
2024-06-15,2024-06,PED-1175,Market Saint Joseph 1,Physical Store,South,Diego Rocha,Electronics,Bluetooth Headphones,4,199.00,2.5,776.35,620.00,156.35
2024-06-04,2024-06,PED-1176,Restaurant Valley 24,Physical Store,Central-West,Diego Rocha,Electronics,Smartwatch,2,599.00,3.9,1151.64,936.00,215.64
2024-06-08,2024-06,PED-1177,Market Saint Joseph 1,Phone Sales,South,Ana Souza,Beauty,Skincare Kit,1,189.00,8.8,172.43,62.00,110.43
2024-06-24,2024-06,PED-1178,Distributor Saint Joseph 6,Physical Store,Northeast,Carla Mendes,Electronics,Smartwatch,1,599.00,4.0,574.89,468.00,106.89
2024-06-07,2024-06,PED-1179,Market Saint Joseph 1,Online,North,Carla Mendes,Food,Specialty Coffee Kit,16,59.00,16.9,784.25,512.00,272.25
2024-06-01,2024-06,PED-1180,Supermarket Valley 29,Phone Sales,Northeast,Diego Rocha,Food,Organic Basket,20,129.00,7.9,2375.32,1560.00,815.32
2024-07-14,2024-07,PED-1181,Market Saint Joseph 1,Physical Store,Southeast,Diego Rocha,Beauty,Imported Perfume,6,429.00,1.3,2539.95,1050.00,1489.95
2024-07-25,2024-07,PED-1182,Bakery Central 13,Physical Store,Southeast,Ana Souza,Beauty,Skincare Kit,5,189.00,1.8,927.54,310.00,617.54
2024-07-04,2024-07,PED-1183,Pharmacy Saint Joseph 2,Phone Sales,Southeast,Fabio Nunes,Food,Organic Basket,12,129.00,6.9,1440.42,936.00,504.42
2024-07-10,2024-07,PED-1184,Market Saint Joseph 1,Marketplace,South,Elisa Prado,Apparel,Denim Jacket,5,269.00,14.4,1151.47,550.00,601.47
2024-07-17,2024-07,PED-1185,Supermarket Saint Joseph 9,Online,South,Bruno Lima,Electronics,Bluetooth Headphones,2,199.00,18.9,322.67,310.00,12.67
2024-07-05,2024-07,PED-1186,Restaurant Valley 24,Phone Sales,Southeast,Diego Rocha,Apparel,Basic T-Shirt,4,79.00,4.1,302.93,112.00,190.93
2024-07-15,2024-07,PED-1187,Pharmacy Saint Joseph 2,Physical Store,South,Elisa Prado,Food,Organic Basket,17,129.00,8.0,2017.67,1326.00,691.67
2024-07-12,2024-07,PED-1188,Market Central 11,Online,Central-West,Diego Rocha,Apparel,Running Shoes,4,399.00,12.1,1402.93,700.00,702.93
2024-07-01,2024-07,PED-1189,Bakery Saint Joseph 3,Online,Central-West,Fabio Nunes,Food,Organic Basket,6,129.00,12.8,674.58,468.00,206.58
2024-07-05,2024-07,PED-1190,Restaurant Saint Joseph 4,Marketplace,Central-West,Diego Rocha,Apparel,Denim Jacket,3,269.00,11.0,718.21,330.00,388.21
2024-07-28,2024-07,PED-1191,Market Saint Joseph 1,Marketplace,South,Ana Souza,Apparel,Running Shoes,6,399.00,18.8,1943.39,1050.00,893.39
2024-07-02,2024-07,PED-1192,Restaurant Valley 24,Online,Central-West,Elisa Prado,Electronics,Smartwatch,3,599.00,16.7,1496.84,1404.00,92.84
2024-07-14,2024-07,PED-1193,Restaurant Central 14,Online,Southeast,Elisa Prado,Furniture,Office Desk,2,1290.00,9.5,2335.06,1640.00,695.06
2024-07-22,2024-07,PED-1194,Auto Parts Saint Joseph 8,Phone Sales,Northeast,Bruno Lima,Food,Specialty Coffee Kit,16,59.00,7.2,875.99,512.00,363.99
2024-07-03,2024-07,PED-1195,Supermarket Valley 29,Online,Southeast,Bruno Lima,Food,Specialty Coffee Kit,6,59.00,11.1,314.55,192.00,122.55
2024-07-17,2024-07,PED-1196,Market Saint Joseph 1,Physical Store,Southeast,Fabio Nunes,Apparel,Basic T-Shirt,1,79.00,4.3,75.58,28.00,47.58
2024-07-15,2024-07,PED-1197,Supermarket Saint Joseph 9,Online,North,Bruno Lima,Apparel,Basic T-Shirt,3,79.00,14.3,203.11,84.00,119.11
2024-07-11,2024-07,PED-1198,Bakery Central 13,Physical Store,Southeast,Elisa Prado,Electronics,Bluetooth Headphones,3,199.00,7.9,550.08,465.00,85.08
2024-07-07,2024-07,PED-1199,Supermarket Central 19,Physical Store,Northeast,Carla Mendes,Furniture,Bookshelf,3,649.00,23.2,1495.44,1230.00,265.44
2024-07-25,2024-07,PED-1200,Restaurant Saint Joseph 4,Physical Store,South,Carla Mendes,Food,Specialty Coffee Kit,15,59.00,3.9,850.22,480.00,370.22
2024-07-17,2024-07,PED-1201,Market Saint Joseph 1,Phone Sales,North,Fabio Nunes,Furniture,Office Desk,1,1290.00,7.9,1187.56,820.00,367.56
2024-07-28,2024-07,PED-1202,Bakery Saint Joseph 3,Marketplace,South,Bruno Lima,Furniture,Office Chair,3,899.00,17.3,2229.88,1680.00,549.88
2024-07-24,2024-07,PED-1203,Auto Parts Saint Joseph 8,Online,Southeast,Carla Mendes,Beauty,Imported Perfume,3,429.00,30.5,894.71,525.00,369.71
2024-07-06,2024-07,PED-1204,Restaurant Valley 24,Phone Sales,Southeast,Bruno Lima,Beauty,Skincare Kit,1,189.00,2.4,184.38,62.00,122.38
2024-07-14,2024-07,PED-1205,Pharmacy Valley 22,Marketplace,North,Carla Mendes,Apparel,Basic T-Shirt,8,79.00,16.6,526.93,224.00,302.93
2024-07-22,2024-07,PED-1206,Market Saint Joseph 1,Marketplace,Central-West,Diego Rocha,Beauty,Imported Perfume,1,429.00,12.1,377.24,175.00,202.24
2024-07-05,2024-07,PED-1207,Boutique Saint Joseph 10,Physical Store,South,Diego Rocha,Beauty,Imported Perfume,3,429.00,4.5,1229.32,525.00,704.32
2024-07-19,2024-07,PED-1208,Market Saint Joseph 1,Phone Sales,Southeast,Ana Souza,Apparel,Running Shoes,2,399.00,6.1,749.72,350.00,399.72
2024-07-17,2024-07,PED-1209,Pharmacy Saint Joseph 2,Phone Sales,Northeast,Bruno Lima,Beauty,Imported Perfume,4,429.00,6.4,1606.61,700.00,906.61
2024-07-14,2024-07,PED-1210,Pharmacy Saint Joseph 2,Marketplace,Southeast,Carla Mendes,Food,Organic Basket,20,129.00,12.7,2252.75,1560.00,692.75
2024-07-03,2024-07,PED-1211,Bakery Saint Joseph 3,Marketplace,South,Fabio Nunes,Food,Organic Basket,15,129.00,14.5,1654.78,1170.00,484.78
2024-07-20,2024-07,PED-1212,Auto Parts Central 18,Online,Southeast,Carla Mendes,Apparel,Running Shoes,8,399.00,13.0,2778.32,1400.00,1378.32
2024-07-02,2024-07,PED-1213,Market Saint Joseph 1,Online,Northeast,Fabio Nunes,Electronics,Smartwatch,4,599.00,5.8,2257.18,1872.00,385.18
2024-07-24,2024-07,PED-1214,Market Saint Joseph 1,Physical Store,North,Diego Rocha,Electronics,Bluetooth Headphones,2,199.00,3.0,386.14,310.00,76.14
2024-07-17,2024-07,PED-1215,Market Saint Joseph 1,Phone Sales,South,Ana Souza,Food,Specialty Coffee Kit,7,59.00,0.3,411.86,224.00,187.86
2024-08-16,2024-08,PED-1216,Restaurant Saint Joseph 4,Phone Sales,North,Ana Souza,Electronics,Speaker,3,349.00,43.4,592.55,804.00,-211.45
2024-08-09,2024-08,PED-1217,Store Valley 25,Phone Sales,Southeast,Carla Mendes,Apparel,Running Shoes,6,399.00,24.0,1818.45,1050.00,768.45
2024-08-03,2024-08,PED-1218,Market Saint Joseph 1,Online,South,Elisa Prado,Electronics,Speaker,3,349.00,13.7,903.08,804.00,99.08
2024-08-26,2024-08,PED-1219,Market Valley 21,Online,Central-West,Carla Mendes,Furniture,Office Chair,2,899.00,27.2,1308.05,1120.00,188.05
2024-08-18,2024-08,PED-1220,Store Saint Joseph 5,Physical Store,Southeast,Diego Rocha,Electronics,Turbo Charger,3,89.00,2.3,260.81,156.00,104.81
2024-08-26,2024-08,PED-1221,Pharmacy Saint Joseph 2,Marketplace,Northeast,Carla Mendes,Electronics,Turbo Charger,3,89.00,15.7,225.05,156.00,69.05
2024-08-23,2024-08,PED-1222,Market Central 11,Marketplace,Southeast,Bruno Lima,Food,Specialty Coffee Kit,20,59.00,29.8,828.38,640.00,188.38
2024-08-21,2024-08,PED-1223,Bakery Central 13,Online,Southeast,Elisa Prado,Beauty,Skincare Kit,6,189.00,12.9,987.27,372.00,615.27
2024-08-08,2024-08,PED-1224,Auto Parts Saint Joseph 8,Phone Sales,North,Ana Souza,Apparel,Running Shoes,3,399.00,5.7,1128.37,525.00,603.37
2024-08-24,2024-08,PED-1225,Clinic Saint Joseph 7,Online,North,Carla Mendes,Apparel,Denim Jacket,8,269.00,6.0,2023.74,880.00,1143.74
2024-08-11,2024-08,PED-1226,Clinic Valley 27,Marketplace,Central-West,Carla Mendes,Apparel,Running Shoes,4,399.00,11.5,1412.79,700.00,712.79
2024-08-23,2024-08,PED-1227,Pharmacy Saint Joseph 2,Online,Central-West,Elisa Prado,Apparel,Denim Jacket,2,269.00,10.7,480.50,220.00,260.50
2024-08-25,2024-08,PED-1228,Market Central 11,Online,Southeast,Carla Mendes,Apparel,Basic T-Shirt,8,79.00,31.1,435.62,224.00,211.62
2024-08-08,2024-08,PED-1229,Clinic Saint Joseph 7,Physical Store,Southeast,Fabio Nunes,Beauty,Skincare Kit,3,189.00,7.9,522.25,186.00,336.25
2024-08-27,2024-08,PED-1230,Distributor Saint Joseph 6,Physical Store,South,Bruno Lima,Food,Organic Basket,17,129.00,0.8,2175.28,1326.00,849.28
2024-08-01,2024-08,PED-1231,Pharmacy Saint Joseph 2,Online,Southeast,Diego Rocha,Electronics,Smartwatch,3,599.00,14.4,1537.46,1404.00,133.46
2024-08-02,2024-08,PED-1232,Pharmacy Saint Joseph 2,Physical Store,Southeast,Ana Souza,Electronics,Speaker,2,349.00,44.7,386.27,536.00,-149.73
2024-08-07,2024-08,PED-1233,Market Saint Joseph 1,Marketplace,Central-West,Ana Souza,Furniture,Office Desk,2,1290.00,14.5,2207.07,1640.00,567.07
2024-08-03,2024-08,PED-1234,Market Saint Joseph 1,Online,Southeast,Diego Rocha,Apparel,Basic T-Shirt,6,79.00,15.7,399.48,168.00,231.48
2024-08-05,2024-08,PED-1235,Bakery Valley 23,Online,South,Carla Mendes,Electronics,Bluetooth Headphones,4,199.00,16.4,665.82,620.00,45.82
2024-08-05,2024-08,PED-1236,Market Saint Joseph 1,Marketplace,Southeast,Elisa Prado,Beauty,Imported Perfume,2,429.00,8.6,784.56,350.00,434.56
2024-08-17,2024-08,PED-1237,Restaurant Saint Joseph 4,Physical Store,Southeast,Elisa Prado,Electronics,Smartwatch,2,599.00,0.1,1197.05,936.00,261.05
2024-08-03,2024-08,PED-1238,Auto Parts Saint Joseph 8,Phone Sales,Central-West,Fabio Nunes,Beauty,Skincare Kit,2,189.00,16.9,313.97,124.00,189.97
2024-08-07,2024-08,PED-1239,Clinic Valley 27,Physical Store,Central-West,Diego Rocha,Electronics,Turbo Charger,3,89.00,7.3,247.57,156.00,91.57
2024-08-22,2024-08,PED-1240,Store Saint Joseph 5,Physical Store,South,Carla Mendes,Electronics,Bluetooth Headphones,3,199.00,0.7,592.71,465.00,127.71
2024-08-25,2024-08,PED-1241,Bakery Valley 23,Physical Store,Southeast,Diego Rocha,Electronics,Bluetooth Headphones,4,199.00,5.1,755.27,620.00,135.27
2024-08-12,2024-08,PED-1242,Market Saint Joseph 1,Physical Store,Southeast,Fabio Nunes,Beauty,Skincare Kit,1,189.00,6.3,177.03,62.00,115.03
2024-08-11,2024-08,PED-1243,Restaurant Central 14,Online,Central-West,Elisa Prado,Food,Specialty Coffee Kit,18,59.00,14.5,907.80,576.00,331.80
2024-08-25,2024-08,PED-1244,Pharmacy Saint Joseph 2,Physical Store,North,Bruno Lima,Electronics,Speaker,3,349.00,3.8,1007.55,804.00,203.55
2024-08-28,2024-08,PED-1245,Market Saint Joseph 1,Online,North,Bruno Lima,Apparel,Running Shoes,7,399.00,10.0,2513.44,1225.00,1288.44
2024-08-03,2024-08,PED-1246,Pharmacy Saint Joseph 2,Physical Store,Southeast,Fabio Nunes,Apparel,Basic T-Shirt,8,79.00,2.6,615.74,224.00,391.74
2024-08-20,2024-08,PED-1247,Restaurant Saint Joseph 4,Marketplace,Southeast,Diego Rocha,Apparel,Denim Jacket,8,269.00,18.5,1753.77,880.00,873.77
2024-08-27,2024-08,PED-1248,Market Saint Joseph 1,Marketplace,South,Bruno Lima,Food,Organic Basket,9,129.00,17.8,954.16,702.00,252.16
2024-08-16,2024-08,PED-1249,Clinic Valley 27,Online,Southeast,Fabio Nunes,Beauty,Skincare Kit,5,189.00,10.0,850.76,310.00,540.76
2024-08-08,2024-08,PED-1250,Market Saint Joseph 1,Marketplace,Central-West,Fabio Nunes,Electronics,Turbo Charger,3,89.00,14.9,227.30,156.00,71.30
2024-09-19,2024-09,PED-1251,Clinic Valley 27,Phone Sales,Southeast,Fabio Nunes,Apparel,Denim Jacket,8,269.00,3.0,2087.06,880.00,1207.06
2024-09-19,2024-09,PED-1252,Distributor Saint Joseph 6,Phone Sales,South,Fabio Nunes,Furniture,Bookshelf,3,649.00,5.8,1833.30,1230.00,603.30
2024-09-14,2024-09,PED-1253,Restaurant Saint Joseph 4,Physical Store,Central-West,Diego Rocha,Beauty,Skincare Kit,2,189.00,6.9,352.05,124.00,228.05
2024-09-03,2024-09,PED-1254,Bakery Valley 23,Physical Store,South,Diego Rocha,Electronics,Speaker,4,349.00,2.0,1367.80,1072.00,295.80
2024-09-19,2024-09,PED-1255,Store Saint Joseph 5,Online,North,Carla Mendes,Beauty,Imported Perfume,3,429.00,16.2,1078.55,525.00,553.55
2024-09-28,2024-09,PED-1256,Pharmacy Saint Joseph 2,Online,Southeast,Carla Mendes,Electronics,Speaker,1,349.00,7.7,322.04,268.00,54.04
2024-09-09,2024-09,PED-1257,Pharmacy Valley 22,Phone Sales,Southeast,Bruno Lima,Apparel,Denim Jacket,6,269.00,2.3,1577.34,660.00,917.34
2024-09-03,2024-09,PED-1258,Market Saint Joseph 1,Online,North,Bruno Lima,Beauty,Skincare Kit,4,189.00,17.8,621.19,248.00,373.19
2024-09-05,2024-09,PED-1259,Distributor Central 16,Physical Store,Northeast,Ana Souza,Beauty,Skincare Kit,3,189.00,5.6,535.48,186.00,349.48
2024-09-01,2024-09,PED-1260,Distributor Saint Joseph 6,Online,North,Carla Mendes,Furniture,Bookshelf,2,649.00,7.7,1197.99,820.00,377.99
2024-09-14,2024-09,PED-1261,Restaurant Valley 24,Phone Sales,South,Ana Souza,Apparel,Denim Jacket,7,269.00,1.7,1851.63,770.00,1081.63
2024-09-03,2024-09,PED-1262,Clinic Saint Joseph 7,Online,Southeast,Bruno Lima,Electronics,Turbo Charger,2,89.00,10.0,160.16,104.00,56.16
2024-09-04,2024-09,PED-1263,Store Saint Joseph 5,Online,South,Diego Rocha,Food,Specialty Coffee Kit,13,59.00,9.4,694.81,416.00,278.81
2024-09-06,2024-09,PED-1264,Pharmacy Saint Joseph 2,Physical Store,Northeast,Carla Mendes,Electronics,Speaker,4,349.00,8.0,1284.68,1072.00,212.68
2024-09-05,2024-09,PED-1265,Distributor Central 16,Online,North,Ana Souza,Electronics,Smartwatch,1,599.00,12.7,523.16,468.00,55.16
2024-09-25,2024-09,PED-1266,Market Saint Joseph 1,Marketplace,Northeast,Carla Mendes,Electronics,Bluetooth Headphones,4,199.00,30.6,552.69,620.00,-67.31
2024-09-06,2024-09,PED-1267,Supermarket Saint Joseph 9,Online,Northeast,Bruno Lima,Electronics,Smartwatch,1,599.00,25.2,447.94,468.00,-20.06
2024-09-18,2024-09,PED-1268,Clinic Saint Joseph 7,Online,Central-West,Fabio Nunes,Beauty,Skincare Kit,3,189.00,7.9,522.40,186.00,336.40
2024-09-28,2024-09,PED-1269,Market Saint Joseph 1,Physical Store,Southeast,Diego Rocha,Furniture,Office Chair,2,899.00,7.7,1658.70,1120.00,538.70
2024-09-21,2024-09,PED-1270,Store Valley 25,Physical Store,Southeast,Fabio Nunes,Beauty,Skincare Kit,5,189.00,4.8,900.00,310.00,590.00
2024-09-13,2024-09,PED-1271,Distributor Saint Joseph 6,Marketplace,North,Fabio Nunes,Food,Specialty Coffee Kit,16,59.00,12.1,830.03,512.00,318.03
2024-09-15,2024-09,PED-1272,Restaurant Saint Joseph 4,Marketplace,Northeast,Carla Mendes,Furniture,Bookshelf,3,649.00,21.4,1531.13,1230.00,301.13
2024-09-28,2024-09,PED-1273,Store Central 15,Online,Southeast,Fabio Nunes,Electronics,Smartwatch,1,599.00,6.9,557.78,468.00,89.78
2024-09-07,2024-09,PED-1274,Bakery Saint Joseph 3,Phone Sales,North,Diego Rocha,Food,Organic Basket,15,129.00,21.6,1517.35,1170.00,347.35
2024-09-17,2024-09,PED-1275,Store Saint Joseph 5,Physical Store,North,Diego Rocha,Electronics,Turbo Charger,3,89.00,3.2,258.58,156.00,102.58
2024-09-05,2024-09,PED-1276,Clinic Central 17,Physical Store,Southeast,Bruno Lima,Apparel,Running Shoes,1,399.00,4.9,379.34,175.00,204.34
2024-09-22,2024-09,PED-1277,Bakery Saint Joseph 3,Physical Store,Central-West,Carla Mendes,Electronics,Turbo Charger,4,89.00,6.0,334.65,208.00,126.65
2024-09-19,2024-09,PED-1278,Auto Parts Valley 28,Online,Southeast,Fabio Nunes,Electronics,Smartwatch,4,599.00,16.9,1991.88,1872.00,119.88
2024-09-25,2024-09,PED-1279,Market Central 11,Physical Store,South,Elisa Prado,Electronics,Smartwatch,2,599.00,0.7,1189.76,936.00,253.76
2024-09-07,2024-09,PED-1280,Store Central 15,Marketplace,Southeast,Fabio Nunes,Furniture,Office Chair,1,899.00,35.5,580.26,560.00,20.26
2024-09-02,2024-09,PED-1281,Auto Parts Saint Joseph 8,Physical Store,Southeast,Fabio Nunes,Furniture,Bookshelf,3,649.00,5.4,1841.98,1230.00,611.98
2024-09-27,2024-09,PED-1282,Supermarket Central 19,Online,Southeast,Bruno Lima,Apparel,Basic T-Shirt,2,79.00,8.6,144.47,56.00,88.47
2024-09-15,2024-09,PED-1283,Market Saint Joseph 1,Phone Sales,Southeast,Bruno Lima,Beauty,Skincare Kit,6,189.00,0.9,1123.54,372.00,751.54
2024-09-17,2024-09,PED-1284,Boutique Saint Joseph 10,Marketplace,Central-West,Elisa Prado,Furniture,Office Desk,2,1290.00,12.9,2248.18,1640.00,608.18
2024-09-11,2024-09,PED-1285,Distributor Saint Joseph 6,Physical Store,Southeast,Fabio Nunes,Apparel,Running Shoes,8,399.00,5.7,3009.60,1400.00,1609.60
2024-09-25,2024-09,PED-1286,Supermarket Saint Joseph 9,Marketplace,South,Carla Mendes,Beauty,Imported Perfume,5,429.00,18.2,1754.39,875.00,879.39
2024-09-05,2024-09,PED-1287,Distributor Central 16,Marketplace,Southeast,Carla Mendes,Beauty,Skincare Kit,1,189.00,12.1,166.09,62.00,104.09
2024-10-14,2024-10,PED-1288,Bakery Central 13,Online,South,Ana Souza,Electronics,Bluetooth Headphones,1,199.00,16.6,165.94,155.00,10.94
2024-10-25,2024-10,PED-1289,Pharmacy Valley 22,Physical Store,South,Elisa Prado,Beauty,Skincare Kit,5,189.00,5.9,889.52,310.00,579.52
2024-10-16,2024-10,PED-1290,Pharmacy Saint Joseph 2,Online,South,Bruno Lima,Food,Specialty Coffee Kit,15,59.00,17.1,733.32,480.00,253.32
2024-10-07,2024-10,PED-1291,Bakery Saint Joseph 3,Marketplace,South,Carla Mendes,Furniture,Office Chair,2,899.00,12.4,1575.88,1120.00,455.88
2024-10-03,2024-10,PED-1292,Clinic Saint Joseph 7,Phone Sales,Northeast,Diego Rocha,Food,Specialty Coffee Kit,13,59.00,24.2,581.40,416.00,165.40
2024-10-28,2024-10,PED-1293,Auto Parts Saint Joseph 8,Online,Southeast,Bruno Lima,Food,Specialty Coffee Kit,12,59.00,12.3,620.62,384.00,236.62
2024-10-13,2024-10,PED-1294,Pharmacy Valley 22,Online,Northeast,Fabio Nunes,Food,Organic Basket,13,129.00,5.2,1589.11,1014.00,575.11
2024-10-15,2024-10,PED-1295,Distributor Central 16,Online,North,Diego Rocha,Electronics,Smartwatch,4,599.00,12.6,2093.78,1872.00,221.78
2024-10-16,2024-10,PED-1296,Store Central 15,Physical Store,Southeast,Elisa Prado,Electronics,Smartwatch,1,599.00,6.8,558.06,468.00,90.06
2024-10-26,2024-10,PED-1297,Market Saint Joseph 1,Online,Southeast,Fabio Nunes,Electronics,Smartwatch,4,599.00,45.5,1305.24,1872.00,-566.76
2024-10-24,2024-10,PED-1298,Market Saint Joseph 1,Phone Sales,Southeast,Diego Rocha,Apparel,Denim Jacket,7,269.00,0.3,1878.00,770.00,1108.00
2024-10-09,2024-10,PED-1299,Bakery Saint Joseph 3,Phone Sales,Southeast,Diego Rocha,Electronics,Speaker,2,349.00,6.9,649.69,536.00,113.69
2024-10-10,2024-10,PED-1300,Bakery Saint Joseph 3,Marketplace,Southeast,Fabio Nunes,Beauty,Skincare Kit,6,189.00,35.2,734.86,372.00,362.86
2024-10-07,2024-10,PED-1301,Supermarket Saint Joseph 9,Physical Store,Southeast,Bruno Lima,Food,Specialty Coffee Kit,11,59.00,1.3,640.61,352.00,288.61
2024-10-18,2024-10,PED-1302,Pharmacy Saint Joseph 2,Phone Sales,Southeast,Diego Rocha,Beauty,Imported Perfume,2,429.00,6.7,800.62,350.00,450.62
2024-10-27,2024-10,PED-1303,Market Saint Joseph 1,Phone Sales,South,Elisa Prado,Food,Organic Basket,6,129.00,7.1,718.91,468.00,250.91
2024-10-26,2024-10,PED-1304,Auto Parts Valley 28,Physical Store,South,Elisa Prado,Food,Specialty Coffee Kit,5,59.00,4.2,282.62,160.00,122.62
2024-10-15,2024-10,PED-1305,Market Saint Joseph 1,Marketplace,Southeast,Elisa Prado,Electronics,Turbo Charger,2,89.00,29.3,125.89,104.00,21.89
2024-10-19,2024-10,PED-1306,Store Saint Joseph 5,Online,Southeast,Bruno Lima,Furniture,Office Chair,1,899.00,8.0,826.85,560.00,266.85
2024-10-14,2024-10,PED-1307,Auto Parts Valley 28,Online,Southeast,Ana Souza,Apparel,Denim Jacket,4,269.00,8.6,983.88,440.00,543.88
2024-10-08,2024-10,PED-1308,Pharmacy Saint Joseph 2,Physical Store,Central-West,Fabio Nunes,Apparel,Running Shoes,6,399.00,5.1,2272.05,1050.00,1222.05
2024-10-09,2024-10,PED-1309,Restaurant Central 14,Online,South,Elisa Prado,Electronics,Speaker,2,349.00,7.4,646.36,536.00,110.36
2024-10-06,2024-10,PED-1310,Market Saint Joseph 1,Online,Southeast,Elisa Prado,Food,Organic Basket,12,129.00,10.5,1385.60,936.00,449.60
2024-10-03,2024-10,PED-1311,Distributor Central 16,Online,Southeast,Diego Rocha,Food,Specialty Coffee Kit,4,59.00,14.3,202.18,128.00,74.18
2024-10-04,2024-10,PED-1312,Restaurant Central 14,Physical Store,Southeast,Bruno Lima,Electronics,Smartwatch,2,599.00,3.0,1162.06,936.00,226.06
2024-10-03,2024-10,PED-1313,Store Valley 25,Phone Sales,Southeast,Elisa Prado,Furniture,Office Chair,3,899.00,6.7,2516.56,1680.00,836.56
2024-10-18,2024-10,PED-1314,Supermarket Valley 29,Online,Southeast,Bruno Lima,Electronics,Bluetooth Headphones,4,199.00,29.1,564.27,620.00,-55.73
2024-10-20,2024-10,PED-1315,Bakery Saint Joseph 3,Online,Northeast,Bruno Lima,Electronics,Bluetooth Headphones,4,199.00,24.7,599.24,620.00,-20.76
2024-10-11,2024-10,PED-1316,Market Valley 21,Online,Central-West,Diego Rocha,Beauty,Skincare Kit,3,189.00,15.6,478.54,186.00,292.54
2024-10-26,2024-10,PED-1317,Pharmacy Valley 22,Physical Store,South,Ana Souza,Food,Organic Basket,8,129.00,2.0,1011.31,624.00,387.31
2024-10-05,2024-10,PED-1318,Pharmacy Saint Joseph 2,Physical Store,South,Diego Rocha,Electronics,Smartwatch,2,599.00,17.6,987.46,936.00,51.46
2024-10-10,2024-10,PED-1319,Market Saint Joseph 1,Physical Store,North,Diego Rocha,Beauty,Skincare Kit,5,189.00,1.9,926.71,310.00,616.71
2024-10-07,2024-10,PED-1320,Restaurant Saint Joseph 4,Online,Southeast,Carla Mendes,Apparel,Denim Jacket,4,269.00,15.6,908.25,440.00,468.25
2024-10-11,2024-10,PED-1321,Market Saint Joseph 1,Physical Store,Central-West,Bruno Lima,Food,Organic Basket,8,129.00,0.8,1023.36,624.00,399.36
2024-10-06,2024-10,PED-1322,Pharmacy Saint Joseph 2,Online,South,Fabio Nunes,Food,Organic Basket,12,129.00,18.3,1265.24,936.00,329.24
2024-10-13,2024-10,PED-1323,Clinic Central 17,Online,Southeast,Ana Souza,Food,Specialty Coffee Kit,3,59.00,17.6,145.90,96.00,49.90
2024-10-22,2024-10,PED-1324,Restaurant Saint Joseph 4,Online,South,Elisa Prado,Food,Organic Basket,19,129.00,10.7,2189.49,1482.00,707.49
2024-10-19,2024-10,PED-1325,Supermarket Saint Joseph 9,Phone Sales,Northeast,Elisa Prado,Beauty,Imported Perfume,6,429.00,3.0,2497.91,1050.00,1447.91
2024-11-23,2024-11,PED-1326,Supermarket Saint Joseph 9,Physical Store,Northeast,Diego Rocha,Food,Specialty Coffee Kit,17,59.00,5.5,947.91,544.00,403.91
2024-11-25,2024-11,PED-1327,Market Saint Joseph 1,Phone Sales,Southeast,Carla Mendes,Apparel,Denim Jacket,5,269.00,3.1,1303.36,550.00,753.36
2024-11-14,2024-11,PED-1328,Market Saint Joseph 1,Physical Store,Central-West,Diego Rocha,Beauty,Skincare Kit,5,189.00,4.7,900.68,310.00,590.68
2024-11-07,2024-11,PED-1329,Market Saint Joseph 1,Online,Southeast,Diego Rocha,Electronics,Speaker,4,349.00,41.9,810.82,1072.00,-261.18
2024-11-09,2024-11,PED-1330,Market Saint Joseph 1,Marketplace,Southeast,Carla Mendes,Apparel,Basic T-Shirt,1,79.00,15.1,67.11,28.00,39.11
2024-11-11,2024-11,PED-1331,Bakery Saint Joseph 3,Online,South,Bruno Lima,Beauty,Imported Perfume,3,429.00,15.1,1092.36,525.00,567.36
2024-11-11,2024-11,PED-1332,Auto Parts Saint Joseph 8,Physical Store,Southeast,Carla Mendes,Apparel,Running Shoes,2,399.00,3.6,769.41,350.00,419.41
2024-11-13,2024-11,PED-1333,Pharmacy Saint Joseph 2,Online,Southeast,Bruno Lima,Food,Specialty Coffee Kit,13,59.00,9.0,698.18,416.00,282.18
2024-11-09,2024-11,PED-1334,Boutique Saint Joseph 10,Phone Sales,Southeast,Elisa Prado,Electronics,Speaker,1,349.00,5.1,331.06,268.00,63.06
2024-11-05,2024-11,PED-1335,Market Saint Joseph 1,Physical Store,South,Bruno Lima,Electronics,Speaker,4,349.00,3.5,1346.74,1072.00,274.74
2024-11-21,2024-11,PED-1336,Clinic Saint Joseph 7,Online,Southeast,Fabio Nunes,Furniture,Office Chair,2,899.00,10.8,1602.94,1120.00,482.94
2024-11-20,2024-11,PED-1337,Boutique Central 20,Online,Southeast,Bruno Lima,Furniture,Office Desk,1,1290.00,11.2,1145.49,820.00,325.49
2024-11-22,2024-11,PED-1338,Market Saint Joseph 1,Online,North,Fabio Nunes,Apparel,Basic T-Shirt,2,79.00,15.7,133.27,56.00,77.27
2024-11-20,2024-11,PED-1339,Clinic Valley 27,Physical Store,Southeast,Carla Mendes,Electronics,Turbo Charger,2,89.00,1.0,176.16,104.00,72.16
2024-11-18,2024-11,PED-1340,Market Saint Joseph 1,Phone Sales,Southeast,Fabio Nunes,Electronics,Turbo Charger,1,89.00,2.9,86.43,52.00,34.43
2024-11-27,2024-11,PED-1341,Bakery Saint Joseph 3,Physical Store,Southeast,Diego Rocha,Food,Specialty Coffee Kit,17,59.00,2.4,978.82,544.00,434.82
2024-11-21,2024-11,PED-1342,Market Valley 21,Marketplace,North,Diego Rocha,Food,Specialty Coffee Kit,15,59.00,20.4,704.60,480.00,224.60
2024-11-05,2024-11,PED-1343,Market Saint Joseph 1,Online,South,Elisa Prado,Food,Specialty Coffee Kit,11,59.00,10.6,580.38,352.00,228.38
2024-11-16,2024-11,PED-1344,Store Saint Joseph 5,Online,Northeast,Diego Rocha,Beauty,Imported Perfume,6,429.00,10.4,2307.51,1050.00,1257.51
2024-11-14,2024-11,PED-1345,Distributor Saint Joseph 6,Online,South,Diego Rocha,Furniture,Bookshelf,1,649.00,6.3,607.91,410.00,197.91
2024-11-03,2024-11,PED-1346,Market Valley 21,Marketplace,South,Carla Mendes,Electronics,Smartwatch,1,599.00,46.6,319.88,468.00,-148.12
2024-11-19,2024-11,PED-1347,Market Saint Joseph 1,Phone Sales,Southeast,Elisa Prado,Electronics,Speaker,1,349.00,2.3,340.83,268.00,72.83
2024-11-06,2024-11,PED-1348,Market Saint Joseph 1,Physical Store,Southeast,Carla Mendes,Electronics,Speaker,2,349.00,3.3,674.67,536.00,138.67
2024-11-13,2024-11,PED-1349,Pharmacy Central 12,Online,Southeast,Bruno Lima,Furniture,Office Chair,1,899.00,16.5,751.10,560.00,191.10
2024-11-21,2024-11,PED-1350,Bakery Saint Joseph 3,Online,Northeast,Diego Rocha,Apparel,Basic T-Shirt,3,79.00,9.2,215.16,84.00,131.16
2024-11-10,2024-11,PED-1351,Distributor Saint Joseph 6,Online,South,Elisa Prado,Electronics,Bluetooth Headphones,3,199.00,17.5,492.55,465.00,27.55
2024-11-15,2024-11,PED-1352,Bakery Central 13,Phone Sales,North,Bruno Lima,Beauty,Imported Perfume,4,429.00,6.2,1609.60,700.00,909.60
2024-11-20,2024-11,PED-1353,Pharmacy Saint Joseph 2,Physical Store,Southeast,Diego Rocha,Beauty,Skincare Kit,3,189.00,19.1,458.43,186.00,272.43
2024-11-17,2024-11,PED-1354,Market Saint Joseph 1,Online,North,Carla Mendes,Electronics,Turbo Charger,4,89.00,15.7,300.14,208.00,92.14
2024-11-24,2024-11,PED-1355,Clinic Saint Joseph 7,Phone Sales,Southeast,Elisa Prado,Apparel,Denim Jacket,6,269.00,5.9,1518.51,660.00,858.51
2024-11-16,2024-11,PED-1356,Pharmacy Saint Joseph 2,Online,North,Ana Souza,Food,Organic Basket,16,129.00,9.2,1874.98,1248.00,626.98
2024-11-03,2024-11,PED-1357,Store Valley 25,Phone Sales,Central-West,Fabio Nunes,Beauty,Skincare Kit,5,189.00,6.7,881.41,310.00,571.41
2024-11-22,2024-11,PED-1358,Market Saint Joseph 1,Physical Store,Southeast,Ana Souza,Beauty,Skincare Kit,6,189.00,2.0,1111.22,372.00,739.22
2024-11-08,2024-11,PED-1359,Restaurant Saint Joseph 4,Online,North,Carla Mendes,Electronics,Speaker,3,349.00,42.3,604.05,804.00,-199.95
2024-11-03,2024-11,PED-1360,Distributor Saint Joseph 6,Online,Southeast,Ana Souza,Furniture,Office Desk,1,1290.00,13.1,1121.34,820.00,301.34
2024-11-14,2024-11,PED-1361,Market Saint Joseph 1,Online,Southeast,Bruno Lima,Food,Organic Basket,7,129.00,6.3,846.32,546.00,300.32
2024-11-22,2024-11,PED-1362,Market Saint Joseph 1,Phone Sales,Southeast,Carla Mendes,Food,Specialty Coffee Kit,17,59.00,9.5,908.10,544.00,364.10
2024-11-21,2024-11,PED-1363,Pharmacy Central 12,Physical Store,Southeast,Elisa Prado,Food,Specialty Coffee Kit,19,59.00,1.2,1107.76,608.00,499.76
2024-11-27,2024-11,PED-1364,Market Saint Joseph 1,Online,Central-West,Carla Mendes,Apparel,Basic T-Shirt,1,79.00,31.2,54.34,28.00,26.34
2024-11-02,2024-11,PED-1365,Bakery Saint Joseph 3,Marketplace,Southeast,Bruno Lima,Beauty,Skincare Kit,3,189.00,16.0,476.08,186.00,290.08
2024-11-07,2024-11,PED-1366,Market Central 11,Online,North,Bruno Lima,Apparel,Denim Jacket,3,269.00,8.1,741.65,330.00,411.65
2024-11-15,2024-11,PED-1367,Bakery Central 13,Online,Central-West,Fabio Nunes,Apparel,Denim Jacket,5,269.00,29.4,950.05,550.00,400.05
2024-11-27,2024-11,PED-1368,Store Valley 25,Physical Store,Southeast,Bruno Lima,Electronics,Smartwatch,3,599.00,5.0,1707.56,1404.00,303.56
2024-12-12,2024-12,PED-1369,Store Valley 25,Online,North,Diego Rocha,Food,Specialty Coffee Kit,13,59.00,11.1,681.79,416.00,265.79
2024-12-27,2024-12,PED-1370,Bakery Saint Joseph 3,Online,South,Carla Mendes,Electronics,Smartwatch,2,599.00,14.8,1021.15,936.00,85.15
2024-12-01,2024-12,PED-1371,Auto Parts Saint Joseph 8,Physical Store,Southeast,Diego Rocha,Beauty,Imported Perfume,5,429.00,7.3,1987.84,875.00,1112.84
2024-12-18,2024-12,PED-1372,Boutique Central 20,Marketplace,Northeast,Ana Souza,Apparel,Basic T-Shirt,6,79.00,9.1,430.68,168.00,262.68
2024-12-07,2024-12,PED-1373,Bakery Saint Joseph 3,Physical Store,South,Ana Souza,Apparel,Denim Jacket,8,269.00,1.1,2127.74,880.00,1247.74
2024-12-16,2024-12,PED-1374,Pharmacy Central 12,Marketplace,South,Ana Souza,Electronics,Turbo Charger,1,89.00,10.8,79.37,52.00,27.37
2024-12-18,2024-12,PED-1375,Bakery Saint Joseph 3,Physical Store,South,Fabio Nunes,Food,Specialty Coffee Kit,13,59.00,6.6,716.27,416.00,300.27
2024-12-27,2024-12,PED-1376,Market Saint Joseph 1,Online,Southeast,Elisa Prado,Food,Specialty Coffee Kit,10,59.00,9.9,531.73,320.00,211.73
2024-12-27,2024-12,PED-1377,Market Saint Joseph 1,Marketplace,Southeast,Elisa Prado,Apparel,Running Shoes,1,399.00,33.9,263.84,175.00,88.84
2024-12-04,2024-12,PED-1378,Market Saint Joseph 1,Online,Central-West,Diego Rocha,Electronics,Smartwatch,4,599.00,16.6,1998.64,1872.00,126.64
2024-12-06,2024-12,PED-1379,Auto Parts Saint Joseph 8,Online,Northeast,Ana Souza,Electronics,Bluetooth Headphones,3,199.00,7.0,555.49,465.00,90.49
2024-12-13,2024-12,PED-1380,Supermarket Saint Joseph 9,Physical Store,Northeast,Carla Mendes,Beauty,Imported Perfume,3,429.00,0.5,1280.01,525.00,755.01
2024-12-14,2024-12,PED-1381,Store Central 15,Physical Store,Southeast,Carla Mendes,Apparel,Basic T-Shirt,4,79.00,1.9,309.86,112.00,197.86
2024-12-14,2024-12,PED-1382,Boutique Saint Joseph 10,Physical Store,Southeast,Fabio Nunes,Beauty,Imported Perfume,6,429.00,6.3,2411.35,1050.00,1361.35
2024-12-26,2024-12,PED-1383,Bakery Central 13,Online,Southeast,Fabio Nunes,Furniture,Office Desk,1,1290.00,17.4,1065.82,820.00,245.82
2024-12-02,2024-12,PED-1384,Market Saint Joseph 1,Marketplace,South,Ana Souza,Apparel,Running Shoes,5,399.00,18.6,1623.46,875.00,748.46
2024-12-15,2024-12,PED-1385,Store Valley 25,Online,Central-West,Ana Souza,Electronics,Bluetooth Headphones,2,199.00,7.2,369.47,310.00,59.47
2024-12-26,2024-12,PED-1386,Market Central 11,Phone Sales,Southeast,Bruno Lima,Furniture,Bookshelf,2,649.00,9.5,1174.49,820.00,354.49
2024-12-11,2024-12,PED-1387,Restaurant Saint Joseph 4,Online,Southeast,Bruno Lima,Apparel,Running Shoes,3,399.00,11.4,1060.54,525.00,535.54
2024-12-24,2024-12,PED-1388,Pharmacy Saint Joseph 2,Online,Northeast,Ana Souza,Food,Specialty Coffee Kit,16,59.00,26.6,692.54,512.00,180.54
2024-12-05,2024-12,PED-1389,Restaurant Valley 24,Online,Central-West,Elisa Prado,Food,Specialty Coffee Kit,16,59.00,9.2,857.34,512.00,345.34
2024-12-16,2024-12,PED-1390,Clinic Valley 27,Online,Southeast,Ana Souza,Furniture,Bookshelf,3,649.00,8.4,1784.03,1230.00,554.03
2024-12-14,2024-12,PED-1391,Pharmacy Saint Joseph 2,Online,Southeast,Carla Mendes,Food,Specialty Coffee Kit,13,59.00,27.8,553.74,416.00,137.74
2024-12-16,2024-12,PED-1392,Pharmacy Saint Joseph 2,Online,Southeast,Bruno Lima,Electronics,Turbo Charger,4,89.00,12.8,310.31,208.00,102.31
2024-12-04,2024-12,PED-1393,Market Valley 21,Physical Store,Southeast,Diego Rocha,Electronics,Speaker,1,349.00,46.7,186.01,268.00,-81.99
2024-12-05,2024-12,PED-1394,Restaurant Saint Joseph 4,Online,South,Fabio Nunes,Electronics,Speaker,2,349.00,17.3,577.42,536.00,41.42
2024-12-12,2024-12,PED-1395,Pharmacy Saint Joseph 2,Online,North,Diego Rocha,Apparel,Running Shoes,2,399.00,10.0,718.42,350.00,368.42
2024-12-09,2024-12,PED-1396,Restaurant Central 14,Phone Sales,South,Bruno Lima,Apparel,Running Shoes,8,399.00,3.5,3078.92,1400.00,1678.92
2024-12-26,2024-12,PED-1397,Market Saint Joseph 1,Physical Store,Southeast,Diego Rocha,Apparel,Basic T-Shirt,6,79.00,0.4,472.29,168.00,304.29
2024-12-28,2024-12,PED-1398,Restaurant Central 14,Online,South,Carla Mendes,Furniture,Bookshelf,2,649.00,5.6,1224.94,820.00,404.94
2024-12-07,2024-12,PED-1399,Store Valley 25,Phone Sales,Northeast,Elisa Prado,Electronics,Bluetooth Headphones,4,199.00,20.1,635.95,620.00,15.95
2024-12-17,2024-12,PED-1400,Bakery Saint Joseph 3,Physical Store,South,Elisa Prado,Electronics,Bluetooth Headphones,3,199.00,7.5,552.10,465.00,87.10
2024-12-03,2024-12,PED-1401,Auto Parts Saint Joseph 8,Online,South,Fabio Nunes,Food,Specialty Coffee Kit,19,59.00,11.8,988.45,608.00,380.45
2024-12-11,2024-12,PED-1402,Pharmacy Saint Joseph 2,Physical Store,South,Ana Souza,Electronics,Turbo Charger,4,89.00,23.5,272.22,208.00,64.22
2024-12-23,2024-12,PED-1403,Distributor Central 16,Online,South,Carla Mendes,Furniture,Bookshelf,2,649.00,9.6,1172.88,820.00,352.88
2024-12-28,2024-12,PED-1404,Market Saint Joseph 1,Online,Central-West,Bruno Lima,Beauty,Imported Perfume,1,429.00,14.2,368.12,175.00,193.12
2024-12-25,2024-12,PED-1405,Clinic Central 17,Online,Southeast,Fabio Nunes,Beauty,Imported Perfume,1,429.00,10.8,382.81,175.00,207.81
2024-12-02,2024-12,PED-1406,Distributor Valley 26,Physical Store,North,Diego Rocha,Apparel,Basic T-Shirt,7,79.00,0.9,547.83,196.00,351.83
2024-12-06,2024-12,PED-1407,Pharmacy Saint Joseph 2,Phone Sales,Southeast,Carla Mendes,Beauty,Imported Perfume,3,429.00,3.3,1245.00,525.00,720.00
2024-12-15,2024-12,PED-1408,Supermarket Valley 29,Online,Southeast,Carla Mendes,Electronics,Bluetooth Headphones,3,199.00,16.7,497.01,465.00,32.01
2024-12-04,2024-12,PED-1409,Clinic Saint Joseph 7,Physical Store,Central-West,Diego Rocha,Electronics,Bluetooth Headphones,1,199.00,7.6,183.91,155.00,28.91
2024-12-28,2024-12,PED-1410,Distributor Saint Joseph 6,Online,South,Carla Mendes,Food,Organic Basket,6,129.00,17.9,635.43,468.00,167.43
2024-12-17,2024-12,PED-1411,Distributor Saint Joseph 6,Physical Store,South,Bruno Lima,Furniture,Office Desk,2,1290.00,6.2,2419.48,1640.00,779.48
2024-12-18,2024-12,PED-1412,Market Saint Joseph 1,Online,Southeast,Bruno Lima,Electronics,Bluetooth Headphones,4,199.00,11.5,704.79,620.00,84.79
2024-12-25,2024-12,PED-1413,Pharmacy Valley 22,Online,Southeast,Fabio Nunes,Beauty,Skincare Kit,4,189.00,5.8,711.86,248.00,463.86
2024-12-27,2024-12,PED-1414,Supermarket Central 19,Online,Northeast,Bruno Lima,Food,Organic Basket,13,129.00,10.6,1499.04,1014.00,485.04
2024-12-04,2024-12,PED-1415,Clinic Central 17,Physical Store,Southeast,Elisa Prado,Apparel,Denim Jacket,6,269.00,1.8,1584.53,660.00,924.53
2024-12-18,2024-12,PED-1416,Pharmacy Saint Joseph 2,Online,Southeast,Fabio Nunes,Food,Specialty Coffee Kit,12,59.00,7.3,656.16,384.00,272.16
2024-12-06,2024-12,PED-1417,Distributor Valley 26,Physical Store,Southeast,Diego Rocha,Beauty,Imported Perfume,3,429.00,7.6,1189.29,525.00,664.29