data,mes,canal,campanha,investimento,impressoes,cliques,leads,pedidos,novos_clientes,receita
2024-01-28,2024-01,Google Ads,Search Institucional,3405.93,38925,1362,136,41,14,17142.27
2024-01-28,2024-01,Google Ads,Search Concorrentes,3674.09,41990,1470,147,44,15,20471.61
2024-01-28,2024-01,Google Ads,Shopping,3180.59,36350,1272,127,38,13,16253.31
2024-01-28,2024-01,Meta Ads,Remarketing,3155.31,131471,1972,158,35,16,12128.12
2024-01-28,2024-01,Meta Ads,Publico Frio,3126.74,130281,1954,156,34,15,9878.98
2024-01-28,2024-01,Meta Ads,Stories,2954.73,123114,1847,148,33,15,10664.50
2024-01-28,2024-01,TikTok Ads,TikTok Criadores,5237.92,238087,4762,238,29,17,11918.19
2024-01-28,2024-01,TikTok Ads,TikTok Lancamento,1888.15,85825,1717,86,10,6,3377.75
2024-01-28,2024-01,Email Marketing,Newsletter Semanal,839.04,46613,5594,839,336,34,8644.84
2024-01-28,2024-01,Email Marketing,Base Inativos,710.22,39457,4735,710,284,28,8083.05
2024-01-28,2024-01,Influenciadores,Micro Influencers,3358.99,124407,3732,261,47,24,11288.21
2024-01-28,2024-01,Influenciadores,Creator Parceria,1622.72,60101,1803,126,23,12,5847.82
2024-02-28,2024-02,Google Ads,Search Institucional,4264.31,48735,1706,171,51,18,24341.61
2024-02-28,2024-02,Google Ads,Search Concorrentes,1802.51,20600,721,72,22,8,9860.63
2024-02-28,2024-02,Google Ads,Shopping,3063.65,35013,1225,123,37,13,17145.13
2024-02-28,2024-02,Meta Ads,Remarketing,3492.71,145530,2183,175,38,17,13524.15
2024-02-28,2024-02,Meta Ads,Publico Frio,2632.94,109706,1646,132,29,13,8882.89
2024-02-28,2024-02,Meta Ads,Stories,2685.59,111900,1678,134,30,14,8726.56
2024-02-28,2024-02,TikTok Ads,TikTok Criadores,8255.25,375238,7505,375,45,27,14836.88
2024-02-28,2024-02,TikTok Ads,TikTok Lancamento,3880.09,176368,3527,176,21,13,7124.07
2024-02-28,2024-02,Email Marketing,Newsletter Semanal,582.96,32386,3886,583,233,23,6646.19
2024-02-28,2024-02,Email Marketing,Base Inativos,536.76,29820,3578,537,215,22,6378.96
2024-02-28,2024-02,Influenciadores,Micro Influencers,1491.56,55243,1657,116,21,11,4988.36
2024-02-28,2024-02,Influenciadores,Creator Parceria,1512.67,56025,1681,118,21,11,5172.20
2024-03-28,2024-03,Google Ads,Search Institucional,2743.84,31358,1098,110,33,12,15895.01
2024-03-28,2024-03,Google Ads,Search Concorrentes,2327.11,26596,931,93,28,10,12037.24
2024-03-28,2024-03,Google Ads,Shopping,2770.29,31660,1108,111,33,12,13893.86
2024-03-28,2024-03,Meta Ads,Remarketing,4506.71,187780,2817,225,50,23,15759.14
2024-03-28,2024-03,Meta Ads,Publico Frio,3910.76,162949,2444,196,43,19,13311.98
2024-03-28,2024-03,Meta Ads,Stories,3319.98,138332,2075,166,37,17,13573.70
2024-03-28,2024-03,TikTok Ads,TikTok Criadores,6041.73,274624,5492,275,33,20,9876.83
2024-03-28,2024-03,TikTok Ads,TikTok Lancamento,7692.47,349658,6993,350,42,25,17680.08
2024-03-28,2024-03,Email Marketing,Newsletter Semanal,1014.66,56370,6764,1015,406,41,11696.67
2024-03-28,2024-03,Email Marketing,Base Inativos,440.35,24464,2936,440,176,18,4711.08
2024-03-28,2024-03,Influenciadores,Micro Influencers,3232.88,119736,3592,251,45,23,12774.60
2024-03-28,2024-03,Influenciadores,Creator Parceria,1702.83,63068,1892,132,24,12,5964.67
2024-04-28,2024-04,Google Ads,Search Institucional,4052.95,46319,1621,162,49,17,23064.70
2024-04-28,2024-04,Google Ads,Search Concorrentes,2662.13,30424,1065,106,32,11,13496.94
2024-04-28,2024-04,Google Ads,Shopping,2033.30,23238,813,81,24,8,11279.31
2024-04-28,2024-04,Meta Ads,Remarketing,4219.83,175826,2637,211,46,21,14606.75
2024-04-28,2024-04,Meta Ads,Publico Frio,2572.86,107203,1608,129,28,13,9959.00
2024-04-28,2024-04,Meta Ads,Stories,3077.46,128227,1923,154,34,15,11644.84
2024-04-28,2024-04,TikTok Ads,TikTok Criadores,7594.78,345217,6904,345,41,25,11936.96
2024-04-28,2024-04,TikTok Ads,TikTok Lancamento,1341.43,60974,1219,61,7,4,2543.59
2024-04-28,2024-04,Email Marketing,Newsletter Semanal,694.24,38569,4628,694,278,28,7729.34
2024-04-28,2024-04,Email Marketing,Base Inativos,848.84,47158,5659,849,340,34,10116.44
2024-04-28,2024-04,Influenciadores,Micro Influencers,3806.96,140998,4230,296,53,27,13506.63
2024-04-28,2024-04,Influenciadores,Creator Parceria,2084.54,77205,2316,162,29,15,6990.75
2024-05-28,2024-05,Google Ads,Search Institucional,3365.49,38463,1346,135,40,14,19209.24
2024-05-28,2024-05,Google Ads,Search Concorrentes,2199.34,25135,880,88,26,9,12107.24
2024-05-28,2024-05,Google Ads,Shopping,2900.04,33143,1160,116,35,12,16417.98
2024-05-28,2024-05,Meta Ads,Remarketing,4951.23,206301,3095,248,54,24,16265.14
2024-05-28,2024-05,Meta Ads,Publico Frio,2648.89,110371,1656,132,29,13,9237.62
2024-05-28,2024-05,Meta Ads,Stories,2847.33,118639,1780,142,31,14,11498.67
2024-05-28,2024-05,TikTok Ads,TikTok Criadores,4901.55,222798,4456,223,27,16,8065.80
2024-05-28,2024-05,TikTok Ads,TikTok Lancamento,1320.62,60028,1201,60,7,4,2916.55
2024-05-28,2024-05,Email Marketing,Newsletter Semanal,1182.06,65670,7880,1182,473,47,13895.79
2024-05-28,2024-05,Email Marketing,Base Inativos,492.04,27336,3280,492,197,20,5775.35
2024-05-28,2024-05,Influenciadores,Micro Influencers,2869.97,106295,3189,223,40,20,11441.61
2024-05-28,2024-05,Influenciadores,Creator Parceria,2680.42,99275,2978,208,38,19,8746.04
2024-06-28,2024-06,Google Ads,Search Institucional,3719.27,42506,1488,149,45,16,20796.28
2024-06-28,2024-06,Google Ads,Search Concorrentes,4259.76,48683,1704,170,51,18,23046.45
2024-06-28,2024-06,Google Ads,Shopping,1969.75,22511,788,79,24,8,11091.72
2024-06-28,2024-06,Meta Ads,Remarketing,4760.25,198344,2975,238,52,23,19437.19
2024-06-28,2024-06,Meta Ads,Publico Frio,4072.62,169692,2545,204,45,20,14275.04
2024-06-28,2024-06,Meta Ads,Stories,3869.00,161208,2418,193,43,19,14998.91
2024-06-28,2024-06,TikTok Ads,TikTok Criadores,10799.36,490880,9818,491,59,35,20255.57
2024-06-28,2024-06,TikTok Ads,TikTok Lancamento,1652.41,75109,1502,75,9,5,3328.26
2024-06-28,2024-06,Email Marketing,Newsletter Semanal,756.88,42049,5046,757,303,30,8757.42
2024-06-28,2024-06,Email Marketing,Base Inativos,479.15,26619,3194,479,192,19,4997.03
2024-06-28,2024-06,Influenciadores,Micro Influencers,3301.91,122293,3669,257,46,23,12872.29
2024-06-28,2024-06,Influenciadores,Creator Parceria,2128.51,78834,2365,166,30,15,7461.00
2024-07-28,2024-07,Google Ads,Search Institucional,6630.73,75780,2652,265,80,28,34609.80
2024-07-28,2024-07,Google Ads,Search Concorrentes,3336.22,38128,1334,133,40,14,16687.71
2024-07-28,2024-07,Google Ads,Shopping,1900.06,21715,760,76,23,8,10772.80
2024-07-28,2024-07,Meta Ads,Remarketing,5908.10,246171,3693,295,65,29,17954.51
2024-07-28,2024-07,Meta Ads,Publico Frio,3840.27,160011,2400,192,42,19,11607.00
2024-07-28,2024-07,Meta Ads,Stories,3216.12,134005,2010,161,35,16,12774.76
2024-07-28,2024-07,TikTok Ads,TikTok Criadores,4759.01,216319,4326,216,26,16,8297.69
2024-07-28,2024-07,TikTok Ads,TikTok Lancamento,6473.15,294234,5885,294,35,21,13139.79
2024-07-28,2024-07,Email Marketing,Newsletter Semanal,1013.32,56295,6755,1013,405,41,11773.12
2024-07-28,2024-07,Email Marketing,Base Inativos,448.84,24935,2992,449,180,18,5380.75
2024-07-28,2024-07,Influenciadores,Micro Influencers,1903.65,70506,2115,148,27,14,6420.08
2024-07-28,2024-07,Influenciadores,Creator Parceria,3225.90,119478,3584,251,45,23,11214.15
2024-08-28,2024-08,Google Ads,Search Institucional,4290.58,49035,1716,172,51,18,24273.50
2024-08-28,2024-08,Google Ads,Search Concorrentes,3898.71,44557,1559,156,47,16,19628.76
2024-08-28,2024-08,Google Ads,Shopping,2979.12,34047,1192,119,36,13,14986.39
2024-08-28,2024-08,Meta Ads,Remarketing,5343.93,222664,3340,267,59,27,21655.97
2024-08-28,2024-08,Meta Ads,Publico Frio,3037.07,126545,1898,152,33,15,9805.34
2024-08-28,2024-08,Meta Ads,Stories,3411.84,142160,2132,171,38,17,10423.30
2024-08-28,2024-08,TikTok Ads,TikTok Criadores,6539.35,297243,5945,297,36,22,12110.32
2024-08-28,2024-08,TikTok Ads,TikTok Lancamento,4029.49,183158,3663,183,22,13,6769.28
2024-08-28,2024-08,Email Marketing,Newsletter Semanal,1443.03,80168,9620,1443,577,58,17236.14
2024-08-28,2024-08,Email Marketing,Base Inativos,891.98,49554,5947,892,357,36,10310.86
2024-08-28,2024-08,Influenciadores,Micro Influencers,2627.65,97321,2920,204,37,19,9853.99
2024-08-28,2024-08,Influenciadores,Creator Parceria,3609.74,133694,4011,281,51,26,13680.58
2024-09-28,2024-09,Google Ads,Search Institucional,5029.99,57486,2012,201,60,21,28826.86
2024-09-28,2024-09,Google Ads,Search Concorrentes,5921.79,67678,2369,237,71,25,30048.23
2024-09-28,2024-09,Google Ads,Shopping,3925.43,44862,1570,157,47,16,22447.52
2024-09-28,2024-09,Meta Ads,Remarketing,4902.66,204278,3064,245,54,24,16957.97
2024-09-28,2024-09,Meta Ads,Publico Frio,3246.32,135263,2029,162,36,16,9841.64
2024-09-28,2024-09,Meta Ads,Stories,2567.77,106991,1605,128,28,13,9817.53
2024-09-28,2024-09,TikTok Ads,TikTok Criadores,8316.78,378035,7561,378,45,27,16157.19
2024-09-28,2024-09,TikTok Ads,TikTok Lancamento,5529.88,251358,5027,251,30,18,8467.46
2024-09-28,2024-09,Email Marketing,Newsletter Semanal,1018.73,56596,6792,1019,407,41,11402.30
2024-09-28,2024-09,Email Marketing,Base Inativos,859.43,47746,5730,859,344,34,8626.00
2024-09-28,2024-09,Influenciadores,Micro Influencers,3917.45,145091,4353,305,55,28,12689.16
2024-09-28,2024-09,Influenciadores,Creator Parceria,3097.00,114704,3441,241,43,22,12130.68
2024-10-28,2024-10,Google Ads,Search Institucional,6254.63,71481,2502,250,75,26,31577.65
2024-10-28,2024-10,Google Ads,Search Concorrentes,2558.71,29242,1023,102,31,11,14255.05
2024-10-28,2024-10,Google Ads,Shopping,4756.47,54360,1903,190,57,20,24575.76
2024-10-28,2024-10,Meta Ads,Remarketing,7195.15,299798,4497,360,79,36,21927.70
2024-10-28,2024-10,Meta Ads,Publico Frio,3594.96,149790,2247,180,40,18,12778.66
2024-10-28,2024-10,Meta Ads,Stories,3028.52,126188,1893,151,33,15,12670.27
2024-10-28,2024-10,TikTok Ads,TikTok Criadores,9262.97,421044,8421,421,51,31,21114.16
2024-10-28,2024-10,TikTok Ads,TikTok Lancamento,10502.45,477384,9548,477,57,34,17152.07
2024-10-28,2024-10,Email Marketing,Newsletter Semanal,717.89,39883,4786,718,287,29,7771.79
2024-10-28,2024-10,Email Marketing,Base Inativos,1108.83,61601,7392,1109,444,44,11635.72
2024-10-28,2024-10,Influenciadores,Micro Influencers,2264.49,83870,2516,176,32,16,8958.41
2024-10-28,2024-10,Influenciadores,Creator Parceria,2855.84,105772,3173,222,40,20,9645.25
2024-11-28,2024-11,Google Ads,Search Institucional,4859.51,55537,1944,194,58,20,25354.67
2024-11-28,2024-11,Google Ads,Search Concorrentes,3947.95,45119,1579,158,47,16,20466.17
2024-11-28,2024-11,Google Ads,Shopping,4966.36,56758,1987,199,60,21,26559.85
2024-11-28,2024-11,Meta Ads,Remarketing,5020.87,209203,3138,251,55,25,19825.57
2024-11-28,2024-11,Meta Ads,Publico Frio,5242.09,218421,3276,262,58,26,21274.14
2024-11-28,2024-11,Meta Ads,Stories,4305.14,179381,2691,215,47,21,16411.38
2024-11-28,2024-11,TikTok Ads,TikTok Criadores,14098.48,640840,12817,641,77,46,28167.02
2024-11-28,2024-11,TikTok Ads,TikTok Lancamento,7064.54,321115,6422,321,39,23,15168.85
2024-11-28,2024-11,Email Marketing,Newsletter Semanal,1461.72,81207,9745,1462,585,59,17400.26
2024-11-28,2024-11,Email Marketing,Base Inativos,625.51,34751,4170,626,250,25,6821.60
2024-11-28,2024-11,Influenciadores,Micro Influencers,5910.84,218920,6568,460,83,42,21228.95
2024-11-28,2024-11,Influenciadores,Creator Parceria,4404.71,163137,4894,343,62,31,14469.61
2024-12-28,2024-12,Google Ads,Search Institucional,10038.01,114720,4015,402,120,42,53800.26
2024-12-28,2024-12,Google Ads,Search Concorrentes,2671.50,30531,1069,107,32,11,14952.40
2024-12-28,2024-12,Google Ads,Shopping,3387.75,38717,1355,136,41,14,19139.84
2024-12-28,2024-12,Meta Ads,Remarketing,6703.40,279308,4190,335,74,33,23663.07
2024-12-28,2024-12,Meta Ads,Publico Frio,5730.24,238760,3581,287,63,28,17698.67
2024-12-28,2024-12,Meta Ads,Stories,4930.95,205456,3082,247,54,24,16119.32
2024-12-28,2024-12,TikTok Ads,TikTok Criadores,2657.30,120786,2416,121,14,8,4892.04
2024-12-28,2024-12,TikTok Ads,TikTok Lancamento,8407.35,382152,7643,382,46,28,19214.60
2024-12-28,2024-12,Email Marketing,Newsletter Semanal,988.40,54911,6589,988,395,40,10336.14
2024-12-28,2024-12,Email Marketing,Base Inativos,867.02,48168,5780,867,347,35,9809.85
2024-12-28,2024-12,Influenciadores,Micro Influencers,3011.90,111552,3347,234,42,21,12019.61
2024-12-28,2024-12,Influenciadores,Creator Parceria,3548.58,131429,3943,276,50,25,11710.70
